{
  "comparisons": {
    "current_jax_chunk32_padded_vs_current_jax_chunk32_padded": {
      "output_max_abs": 0.0,
      "output_mse": 0.0,
      "state_max_abs": 0.0,
      "state_mse": 0.0,
      "valid_output_max_abs": 0.0,
      "valid_output_mse": 0.0
    }
  },
  "decision": {
    "promote_to_server_routing": false,
    "reason": "metadata/input-pack/local-math/reconstruction scaffold only; no backend-owned GDN candidate was routed"
  },
  "historical_negative_controls": [
    "Entry053 static row-chunk ragged GDN prefill",
    "Entry056 static chunk-major GDN prefill"
  ],
  "pallas_feasibility": {
    "active_chunk_count": 72,
    "active_chunk_local_math_probe": {
      "active_chunk_count": 72,
      "attempted": true,
      "comparisons": {
        "attn_max_abs": 2.384185791015625e-07,
        "attn_mse": 8.129986836688673e-18,
        "g_cumsum_max_abs": 3.5762786865234375e-07,
        "g_cumsum_mse": 1.4831636903673445e-15,
        "k_cumdecay_max_abs": 3.5762786865234375e-07,
        "k_cumdecay_mse": 1.773444296758782e-17,
        "max_abs": 9.5367431640625e-07,
        "passes_1e_5_gate": true,
        "value_transformed_max_abs": 9.5367431640625e-07,
        "value_transformed_mse": 2.825687883057157e-16
      },
      "compile_seconds": 1.665624315966852,
      "custom_call_count": 50,
      "error": null,
      "lowering_ok": true,
      "max_ms": 1.989632030017674,
      "mean_ms": 1.9422903656959534,
      "min_ms": 1.8776500364765525,
      "p50_ms": 1.944301009643823,
      "p95_ms": 1.9644760817755014,
      "profiled_iterations": 25,
      "repeat_ms": [
        1.9602410029619932,
        1.8776500364765525,
        1.9266520394012332,
        1.9453910645097494,
        1.9351710798218846,
        1.989632030017674,
        1.9505320815369487,
        1.9446410005912185,
        1.9389219814911485,
        1.9270810298621655,
        1.9606819842010736,
        1.9214409403502941,
        1.9631520844995975,
        1.9477809546515346,
        1.9426620565354824,
        1.934580970555544,
        1.9469719845801592,
        1.9439610186964273,
        1.9334310200065374,
        1.9552309531718493
      ],
      "warmup_ms": [
        5.160999950021505,
        1.996623002924025,
        1.9378310535103083,
        1.9567819545045495,
        1.9501210190355778
      ]
    },
    "active_input_pack_probe": {
      "active_chunk_count": 72,
      "attempted": true,
      "comparisons": {
        "beta_max_abs": 0.0,
        "beta_mse": 0.0,
        "g_max_abs": 0.0,
        "g_mse": 0.0,
        "key_max_abs": 0.0,
        "key_mse": 0.0,
        "max_abs": 0.0,
        "query_max_abs": 0.0,
        "query_mse": 0.0,
        "value_max_abs": 0.0,
        "value_mse": 0.0
      },
      "compile_seconds": 0.14980065205600113,
      "custom_call_count": 50,
      "error": null,
      "lowering_ok": true,
      "max_ms": 0.5021110409870744,
      "mean_ms": 0.45524874585680664,
      "min_ms": 0.439870054833591,
      "p50_ms": 0.4526649136096239,
      "p95_ms": 0.4684135434217751,
      "packed_true_tokens": 2304,
      "profiled_iterations": 25,
      "repeat_ms": [
        0.4663799190893769,
        0.5021110409870744,
        0.4666399909183383,
        0.4606200382113457,
        0.4623300628736615,
        0.4443590296432376,
        0.4449400585144758,
        0.45883993152529,
        0.45777997002005577,
        0.46601996291428804,
        0.4462089855223894,
        0.439870054833591,
        0.4445790546014905,
        0.4415889270603657,
        0.4472000291571021,
        0.44498906936496496,
        0.4497899208217859,
        0.45811000745743513,
        0.4555399063974619,
        0.4470789572224021
      ],
      "warmup_ms": [
        2.0916940411552787,
        0.4409899702295661,
        0.44733891263604164,
        0.42657903395593166,
        0.4587490111589432
      ]
    },
    "active_output_state_reconstruction_probe": {
      "attempted": true,
      "compile_seconds": 0.46527361194603145,
      "error": null,
      "lowering_ok": true,
      "max_ms": 4.649028996936977,
      "mean_ms": 4.5663843979127705,
      "min_ms": 4.5329059939831495,
      "p50_ms": 4.559541994240135,
      "p95_ms": 4.631596419494599,
      "pallas_local_math_comparison": {
        "output_max_abs": 1.9073486328125e-05,
        "output_mse": 9.44567266471328e-15,
        "state_max_abs": 0.00030517578125,
        "state_mse": 1.9937466608221932e-11,
        "valid_output_max_abs": 1.9073486328125e-05,
        "valid_output_mse": 1.6792307900637994e-14
      },
      "pallas_local_math_passes_1e_5_gate": false,
      "profiled_iterations": 25,
      "reference_local_math_comparison": {
        "output_max_abs": 1.71661376953125e-05,
        "output_mse": 5.003998754802338e-15,
        "state_max_abs": 0.000213623046875,
        "state_mse": 1.1693166400428279e-11,
        "valid_output_max_abs": 1.71661376953125e-05,
        "valid_output_mse": 8.895998256889127e-15
      },
      "reference_local_math_passes_1e_5_gate": false,
      "repeat_ms": [
        4.56544803455472,
        4.5492269564419985,
        4.557116888463497,
        4.548736964352429,
        4.55326703377068,
        4.571398021653295,
        4.599298001267016,
        4.548127064481378,
        4.5367570128291845,
        4.561967100016773,
        4.567096941173077,
        4.5329059939831495,
        4.567608004435897,
        4.649028996936977,
        4.553576931357384,
        4.553957027383149,
        4.550067009404302,
        4.564887029118836,
        4.6306789154186845,
        4.5665380312129855
      ],
      "warmup_ms": [
        12.711441027931869,
        4.60019800812006,
        4.575427039526403,
        4.569537006318569,
        4.562256974168122
      ]
    },
    "attempted": true,
    "compile_seconds": 0.30419474095106125,
    "custom_call_count": 2,
    "error": null,
    "inactive_chunk_count": 56,
    "lowering_ok": true,
    "mask_matches_plan": true,
    "run_ms": 1.1176939588040113,
    "total_chunk_count": 128
  },
  "profile_counters": {
    "profiled_iterations": 25,
    "ranges": {
      "MemcpyD2D": {
        "count": 1675,
        "count_per_iter": 67.0,
        "ms_per_iter": 0.4939066000000008,
        "total_ms": 12.34766500000002
      },
      "PjRtCApiLoadedExecutable::Execute": {
        "count": 101,
        "count_per_iter": 4.04,
        "ms_per_iter": 2.7225398399999996,
        "total_ms": 68.06349599999999
      },
      "Thunks::Initialize": {
        "count": 101,
        "count_per_iter": 4.04,
        "ms_per_iter": 0.06515464000000001,
        "total_ms": 1.6288660000000004
      },
      "command_buffer::execute": {
        "count": 1650,
        "count_per_iter": 66.0,
        "ms_per_iter": 1.07205056,
        "total_ms": 26.801264
      },
      "command_buffer::update": {
        "count": 146,
        "count_per_iter": 5.84,
        "ms_per_iter": 0.10057327999999995,
        "total_ms": 2.5143319999999987
      },
      "fusion": {
        "count": 11600,
        "count_per_iter": 464.0,
        "ms_per_iter": 6.490926079999936,
        "total_ms": 162.27315199999842
      },
      "gdn_active_chunk_local_math_chunk32_probe": {
        "count": 50,
        "count_per_iter": 2.0,
        "ms_per_iter": 1.8531808399999994,
        "total_ms": 46.329520999999986
      },
      "gdn_active_chunk_probe": {
        "count": 2,
        "count_per_iter": 0.08,
        "ms_per_iter": 0.0018738,
        "total_ms": 0.046845
      },
      "gdn_active_input_pack_probe": {
        "count": 50,
        "count_per_iter": 2.0,
        "ms_per_iter": 0.26789036,
        "total_ms": 6.697259
      },
      "gdn_prefill/current_jax_chunk32_padded": {
        "count": 25,
        "count_per_iter": 1.0,
        "ms_per_iter": 6.569060400000001,
        "total_ms": 164.22651000000002
      },
      "gdn_prefill/pallas_active_chunk_local_math_probe": {
        "count": 25,
        "count_per_iter": 1.0,