{
  "comparisons": {
    "cuda_fp32_one_piece_chunk32_v64_vs_current_jax_chunk32_padded": {
      "output_max_abs": 1.9073486328125e-05,
      "output_mse": 7.22342412935121e-15,
      "state_max_abs": 0.000244140625,
      "state_mse": 1.771943876349713e-11,
      "valid_output_max_abs": 1.9073486328125e-05,
      "valid_output_mse": 1.2841642896624372e-14
    },
    "cuda_fp32_one_piece_chunk32_vs_current_jax_chunk32_padded": {
      "output_max_abs": 1.9073486328125e-05,
      "output_mse": 7.22342412935121e-15,
      "state_max_abs": 0.000244140625,
      "state_mse": 1.771943876349713e-11,
      "valid_output_max_abs": 1.9073486328125e-05,
      "valid_output_mse": 1.2841642896624372e-14
    },
    "current_jax_chunk32_padded_vs_current_jax_chunk32_padded": {
      "output_max_abs": 0.0,
      "output_mse": 0.0,
      "state_max_abs": 0.0,
      "state_mse": 0.0,
      "valid_output_max_abs": 0.0,
      "valid_output_mse": 0.0
    }
  },
  "decision": {
    "promote_to_server_routing": false,
    "reason": "standalone GDN probes only; no candidate was routed into the server"
  },
  "historical_negative_controls": [
    "Entry053 static row-chunk ragged GDN prefill",
    "Entry056 static chunk-major GDN prefill"
  ],
  "pallas_feasibility": {
    "active_chunk_count": 72,
    "active_chunk_local_math_probe": {
      "active_chunk_count": 72,
      "attempted": true,
      "comparisons": {
        "attn_max_abs": 2.384185791015625e-07,
        "attn_mse": 8.129986836688673e-18,
        "g_cumsum_max_abs": 3.5762786865234375e-07,
        "g_cumsum_mse": 1.4831636903673445e-15,
        "k_cumdecay_max_abs": 3.5762786865234375e-07,
        "k_cumdecay_mse": 1.773444296758782e-17,
        "max_abs": 9.5367431640625e-07,
        "passes_1e_5_gate": true,
        "value_transformed_max_abs": 9.5367431640625e-07,
        "value_transformed_mse": 2.825687883057157e-16
      },
      "compile_seconds": 0.1433063669828698,
      "custom_call_count": null,
      "error": null,
      "lowering_ok": true,
      "max_ms": 1.958772074431181,
      "mean_ms": 1.8785667295257251,
      "min_ms": 1.8309190636500716,
      "p50_ms": 1.8460090504959226,
      "p95_ms": 1.9474957720376551,
      "profiled_iterations": 4,
      "repeat_ms": [
        1.958772074431181,
        1.8309190636500716,
        1.8460090504959226
      ],
      "warmup_ms": [
        3.604767029173672
      ]
    },
    "active_input_pack_probe": {
      "active_chunk_count": 72,
      "attempted": true,
      "comparisons": {
        "beta_max_abs": 0.0,
        "beta_mse": 0.0,
        "g_max_abs": 0.0,
        "g_mse": 0.0,
        "key_max_abs": 0.0,
        "key_mse": 0.0,
        "max_abs": 0.0,
        "query_max_abs": 0.0,
        "query_mse": 0.0,
        "value_max_abs": 0.0,
        "value_mse": 0.0
      },
      "compile_seconds": 0.12086436001118273,
      "custom_call_count": null,
      "error": null,
      "lowering_ok": true,
      "max_ms": 0.45833003241568804,
      "mean_ms": 0.4390560012931625,
      "min_ms": 0.42086897883564234,
      "p50_ms": 0.43796899262815714,
      "p95_ms": 0.45629392843693495,
      "packed_true_tokens": 2304,
      "profiled_iterations": 4,
      "repeat_ms": [
        0.43796899262815714,
        0.45833003241568804,
        0.42086897883564234
      ],
      "warmup_ms": [
        0.712214969098568
      ]
    },
    "active_output_state_reconstruction_probe": {
      "attempted": true,
      "compile_seconds": 2.09186139900703,
      "error": null,
      "lowering_ok": true,
      "max_ms": 4.118537995964289,
      "mean_ms": 4.099273976559441,
      "min_ms": 4.0891970274969935,
      "p50_ms": 4.090086906217039,
      "p95_ms": 4.115692886989564,
      "pallas_local_math_comparison": {
        "output_max_abs": 1.71661376953125e-05,
        "output_mse": 9.25428895841296e-15,
        "state_max_abs": 0.000244140625,
        "state_mse": 1.99544599593926e-11,
        "valid_output_max_abs": 1.71661376953125e-05,
        "valid_output_mse": 1.6452070012318992e-14
      },
      "pallas_local_math_passes_1e_5_gate": false,
      "profiled_iterations": 4,
      "reference_local_math_comparison": {
        "output_max_abs": 1.1444091796875e-05,
        "output_mse": 5.029599902116625e-15,
        "state_max_abs": 0.0001983642578125,
        "state_mse": 1.1768770853681776e-11,
        "valid_output_max_abs": 1.1444091796875e-05,
        "valid_output_mse": 8.941511031210995e-15
      },
      "reference_local_math_passes_1e_5_gate": false,
      "repeat_ms": [
        4.118537995964289,
        4.090086906217039,
        4.0891970274969935
      ],
      "warmup_ms": [
        4.394304007291794
      ]
    },
    "attempted": true,
    "compile_seconds": 0.29103125003166497,
    "custom_call_count": null,
    "error": null,
    "inactive_chunk_count": 56,
    "lowering_ok": true,
    "mask_matches_plan": true,
    "one_piece_gdn_prefill_probe": {
      "attempted": false,
      "block_v": 64,
      "custom_call_count": null,
      "enabled": false,
      "error": null,
      "lowering_ok": null
    },
    "rectangular_chunk_local_math_probe": {
      "attempted": true,
      "comparisons": {
        "attn_max_abs": 2.384185791015625e-07,
        "attn_mse": 4.573117647336167e-18,
        "g_cumsum_max_abs": 3.5762786865234375e-07,
        "g_cumsum_mse": 8.342795427444068e-16,
        "k_cumdecay_max_abs": 3.5762786865234375e-07,
        "k_cumdecay_mse": 9.975624479460878e-18,
        "max_abs": 9.5367431640625e-07,
        "passes_1e_5_gate": true,
        "value_transformed_max_abs": 9.5367431640625e-07,
        "value_transformed_mse": 1.589449516937712e-16
      },
      "compile_seconds": 0.1226868899539113,
      "custom_call_count": null,
      "error": null,
      "lowering_ok": true,
      "max_ms": 3.251879010349512,
      "mean_ms": 3.1890280079096556,
      "min_ms": 3.142477013170719,
      "p50_ms": 3.1727280002087355,
      "p95_ms": 3.2439639093354344,
      "profiled_iterations": 4,
      "repeat_ms": [
        3.251879010349512,
        3.1727280002087355,
        3.142477013170719
      ],
      "warmup_ms": [
        5.115769105032086
      ]
    },
    "rectangular_local_split_reconstruction_probe": {
      "attempted": true,
      "compile_seconds": 1.9004413479706272,
      "error": null,
      "lowering_ok": true,
      "max_ms": 3.826441941782832,
      "mean_ms": 3.816961271998783,
      "min_ms": 3.807730972766876,
      "p50_ms": 3.8167109014466405,
      "p95_ms": 3.825468837749213,
      "pallas_local_math_comparison": {
        "output_max_abs": 1.71661376953125e-05,
        "output_mse": 9.25428895841296e-15,
        "state_max_abs": 0.000244140625,
        "state_mse": 1.99544599593926e-11,
        "valid_output_max_abs": 1.71661376953125e-05,
        "valid_output_mse": 1.6452070012318992e-14
      },
      "pallas_local_math_passes_1e_5_gate": false,
      "pallas_max_ms": 3.80974099971354,
      "pallas_mean_ms": 3.7969806774829826,
      "pallas_min_ms": 3.7873899564146996,
      "pallas_p50_ms": 3.793811076320708,
      "pallas_p95_ms": 3.808148007374257,
      "pallas_repeat_ms": [
        3.80974099971354,
        3.7873899564146996,
        3.793811076320708
      ],
      "pallas_warmup_ms": [
        3.7751710042357445
      ],
      "profiled_iterations": 4,
      "reference_local_math_comparison": {
        "output_max_abs": 1.1444091796875e-05,
        "output_mse": 5.029599902116625e-15,
        "state_max_abs": 0.0001983642578125,
        "state_mse": 1.1768770853681776e-11,
        "valid_output_max_abs": 1.1444091796875e-05,
        "valid_output_mse": 8.941511031210995e-15
      },
      "reference_local_math_passes_1e_5_gate": false,
      "repeat_ms": [
        3.807730972766876,
        3.826441941782832,
        3.8167109014466405
      ],
      "warmup_ms": [
        3.819520934484899
      ]
    },
    "run_ms": 0.6712339818477631,
    "total_chunk_count": 128
  },