{
  "comparisons": {
    "cuda_fp32_one_piece_chunk32_v64_vs_current_jax_chunk32_padded": {
      "output_max_abs": 1.4901161193847656e-07,
      "output_mse": 1.914112216362161e-16,
      "state_max_abs": 1.0728836059570312e-06,
      "state_mse": 1.114884246933897e-14,
      "valid_output_max_abs": 1.4901161193847656e-07,
      "valid_output_mse": 2.425805481542974e-16
    },
    "cuda_fp32_one_piece_chunk32_vs_current_jax_chunk32_padded": {
      "output_max_abs": 1.4901161193847656e-07,
      "output_mse": 1.914112216362161e-16,
      "state_max_abs": 1.0728836059570312e-06,
      "state_mse": 1.114884246933897e-14,
      "valid_output_max_abs": 1.4901161193847656e-07,
      "valid_output_mse": 2.425805481542974e-16
    },
    "current_jax_chunk32_padded_vs_current_jax_chunk32_padded": {
      "output_max_abs": 0.0,
      "output_mse": 0.0,
      "state_max_abs": 0.0,
      "state_mse": 0.0,
      "valid_output_max_abs": 0.0,
      "valid_output_mse": 0.0
    }
  },
  "decision": {
    "promote_to_server_routing": false,
    "reason": "standalone GDN probes only; no candidate was routed into the server"
  },
  "historical_negative_controls": [
    "Entry053 static row-chunk ragged GDN prefill",
    "Entry056 static chunk-major GDN prefill"
  ],
  "pallas_feasibility": {
    "active_chunk_count": 4,
    "active_chunk_local_math_probe": {
      "active_chunk_count": 4,
      "attempted": true,
      "comparisons": {
        "attn_max_abs": 8.940696716308594e-08,
        "attn_mse": 2.524764340770694e-17,
        "g_cumsum_max_abs": 1.7881393432617188e-07,
        "g_cumsum_mse": 1.1322865388352366e-15,
        "k_cumdecay_max_abs": 1.1920928955078125e-07,
        "k_cumdecay_mse": 4.7158321110366756e-17,
        "max_abs": 4.76837158203125e-07,
        "passes_1e_5_gate": true,
        "value_transformed_max_abs": 4.76837158203125e-07,
        "value_transformed_mse": 6.682868137083367e-16
      },
      "compile_seconds": 0.13680838502477854,
      "custom_call_count": null,
      "error": null,
      "lowering_ok": true,
      "max_ms": 0.18185400404036045,
      "mean_ms": 0.166413684686025,
      "min_ms": 0.15862402506172657,
      "p50_ms": 0.15876302495598793,
      "p95_ms": 0.1795449061319232,
      "profiled_iterations": 4,
      "repeat_ms": [
        0.18185400404036045,
        0.15876302495598793,
        0.15862402506172657
      ],
      "warmup_ms": [
        0.5092119099572301
      ]
    },
    "active_input_pack_probe": {
      "active_chunk_count": 4,
      "attempted": true,
      "comparisons": {
        "beta_max_abs": 0.0,
        "beta_mse": 0.0,
        "g_max_abs": 0.0,
        "g_mse": 0.0,
        "key_max_abs": 0.0,
        "key_mse": 0.0,
        "max_abs": 0.0,
        "query_max_abs": 0.0,
        "query_mse": 0.0,
        "value_max_abs": 0.0,
        "value_mse": 0.0
      },
      "compile_seconds": 0.10031971603166312,
      "custom_call_count": null,
      "error": null,
      "lowering_ok": true,
      "max_ms": 0.1704040914773941,
      "mean_ms": 0.1582103626181682,
      "min_ms": 0.14635396655648947,
      "p50_ms": 0.157873029820621,
      "p95_ms": 0.1691509853117168,
      "packed_true_tokens": 128,
      "profiled_iterations": 4,
      "repeat_ms": [
        0.1704040914773941,
        0.157873029820621,
        0.14635396655648947
      ],
      "warmup_ms": [
        0.46630995348095894
      ]
    },
    "active_output_state_reconstruction_probe": {
      "attempted": true,
      "compile_seconds": 0.7092498680576682,
      "error": null,
      "lowering_ok": true,
      "max_ms": 0.22265396546572447,
      "mean_ms": 0.20198399821917215,
      "min_ms": 0.18851400818675756,
      "p50_ms": 0.19478402100503445,
      "p95_ms": 0.21986697101965547,
      "pallas_local_math_comparison": {
        "output_max_abs": 1.4901161193847656e-07,
        "output_mse": 2.1242413705901497e-16,
        "state_max_abs": 4.76837158203125e-07,
        "state_mse": 9.480170622589053e-15,
        "valid_output_max_abs": 1.4901161193847656e-07,
        "valid_output_mse": 2.6921078755993977e-16
      },
      "pallas_local_math_passes_1e_5_gate": true,
      "profiled_iterations": 4,
      "reference_local_math_comparison": {
        "output_max_abs": 8.940696716308594e-08,
        "output_mse": 4.728999833771785e-17,
        "state_max_abs": 4.76837158203125e-07,
        "state_mse": 2.9758787360061652e-15,
        "valid_output_max_abs": 8.940696716308594e-08,
        "valid_output_mse": 5.993187573998212e-17
      },
      "reference_local_math_passes_1e_5_gate": true,
      "repeat_ms": [
        0.22265396546572447,
        0.18851400818675756,
        0.19478402100503445
      ],
      "warmup_ms": [
        0.42605900671333075
      ]
    },
    "attempted": true,
    "compile_seconds": 0.2980222050100565,
    "custom_call_count": null,
    "error": null,
    "inactive_chunk_count": 0,
    "lowering_ok": true,
    "mask_matches_plan": true,
    "one_piece_gdn_prefill_probe": {
      "attempted": false,
      "block_v": 64,
      "custom_call_count": null,
      "enabled": false,
      "error": null,
      "lowering_ok": null
    },
    "rectangular_chunk_local_math_probe": {
      "attempted": true,
      "comparisons": {
        "attn_max_abs": 8.940696716308594e-08,
        "attn_mse": 2.6329949682228472e-17,
        "g_cumsum_max_abs": 1.7881393432617188e-07,
        "g_cumsum_mse": 1.1322865388352366e-15,
        "k_cumdecay_max_abs": 1.1920928955078125e-07,
        "k_cumdecay_mse": 4.688023953203868e-17,
        "max_abs": 4.76837158203125e-07,
        "passes_1e_5_gate": true,
        "value_transformed_max_abs": 4.76837158203125e-07,
        "value_transformed_mse": 6.887313303188586e-16
      },
      "compile_seconds": 0.1200992800295353,
      "custom_call_count": null,
      "error": null,
      "lowering_ok": true,
      "max_ms": 0.20181492436677217,
      "mean_ms": 0.1851543008039395,
      "min_ms": 0.17680402379482985,
      "p50_ms": 0.17684395425021648,
      "p95_ms": 0.1993178273551166,
      "profiled_iterations": 4,
      "repeat_ms": [
        0.17684395425021648,
        0.20181492436677217,
        0.17680402379482985
      ],
      "warmup_ms": [
        0.49333099741488695
      ]
    },
    "rectangular_local_split_reconstruction_probe": {
      "attempted": true,
      "compile_seconds": 0.5544265179196373,
      "error": null,
      "lowering_ok": true,
      "max_ms": 0.19132404122501612,
      "mean_ms": 0.18741768629600605,
      "min_ms": 0.18307496793568134,
      "p50_ms": 0.18785404972732067,
      "p95_ms": 0.19097704207524657,
      "pallas_local_math_comparison": {
        "output_max_abs": 1.4901161193847656e-07,
        "output_mse": 2.1242413705901497e-16,
        "state_max_abs": 4.76837158203125e-07,
        "state_mse": 9.480170622589053e-15,
        "valid_output_max_abs": 1.4901161193847656e-07,
        "valid_output_mse": 2.6921078755993977e-16
      },
      "pallas_local_math_passes_1e_5_gate": true,
      "pallas_max_ms": 0.20303402561694384,
      "pallas_mean_ms": 0.1897939946502447,
      "pallas_min_ms": 0.1812339760363102,
      "pallas_p50_ms": 0.1851139822974801,
      "pallas_p95_ms": 0.20124202128499746,
      "pallas_repeat_ms": [
        0.20303402561694384,
        0.1851139822974801,
        0.1812339760363102
      ],
      "pallas_warmup_ms": [
        0.20142493303865194
      ],
      "profiled_iterations": 4,
      "reference_local_math_comparison": {
        "output_max_abs": 0.0,
        "output_mse": 0.0,
        "state_max_abs": 0.0,
        "state_mse": 0.0,
        "valid_output_max_abs": 0.0,
        "valid_output_mse": 0.0
      },
      "reference_local_math_passes_1e_5_gate": true,
      "repeat_ms": [
        0.18785404972732067,
        0.18307496793568134,
        0.19132404122501612
      ],
      "warmup_ms": [
        0.23745500948280096
      ]
    },
    "run_ms": 0.39376807399094105,
    "total_chunk_count": 4
  },