{
  "comparisons": {
    "current_jax_chunk32_padded_vs_current_jax_chunk32_padded": {
      "output_max_abs": 0.0,
      "output_mse": 0.0,
      "state_max_abs": 0.0,
      "state_mse": 0.0,
      "valid_output_max_abs": 0.0,
      "valid_output_mse": 0.0
    }
  },
  "decision": {
    "promote_to_server_routing": false,
    "reason": "standalone GDN probes only; no candidate was routed into the server"
  },
  "historical_negative_controls": [
    "Entry053 static row-chunk ragged GDN prefill",
    "Entry056 static chunk-major GDN prefill"
  ],
  "pallas_feasibility": {
    "active_chunk_count": 3,
    "active_chunk_local_math_probe": {
      "active_chunk_count": 3,
      "attempted": true,
      "comparisons": {
        "attn_max_abs": 1.4901161193847656e-07,
        "attn_mse": 1.0650471841278385e-16,
        "g_cumsum_max_abs": 1.7881393432617188e-07,
        "g_cumsum_mse": 1.4741535891491637e-15,
        "k_cumdecay_max_abs": 7.450580596923828e-08,
        "k_cumdecay_mse": 5.1559232989059183e-17,
        "max_abs": 4.76837158203125e-07,
        "passes_1e_5_gate": true,
        "value_transformed_max_abs": 4.76837158203125e-07,
        "value_transformed_mse": 1.9172467941323736e-15
      },
      "compile_seconds": 3.492657058988698,
      "custom_call_count": 14,
      "error": null,
      "lowering_ok": true,
      "max_ms": 0.197224086150527,
      "mean_ms": 0.1844420563429594,
      "min_ms": 0.17434405162930489,
      "p50_ms": 0.18591410480439663,
      "p95_ms": 0.19563606474548578,
      "profiled_iterations": 7,
      "repeat_ms": [
        0.18591410480439663,
        0.1892839791253209,
        0.1754440600052476,
        0.17434405162930489,
        0.197224086150527
      ],
      "warmup_ms": [
        1.065023010596633,
        0.4781100433319807
      ]
    },
    "active_input_pack_probe": {
      "active_chunk_count": 3,
      "attempted": true,
      "comparisons": {
        "beta_max_abs": 0.0,
        "beta_mse": 0.0,
        "g_max_abs": 0.0,
        "g_mse": 0.0,
        "key_max_abs": 0.0,
        "key_mse": 0.0,
        "max_abs": 0.0,
        "query_max_abs": 0.0,
        "query_mse": 0.0,
        "value_max_abs": 0.0,
        "value_mse": 0.0
      },
      "compile_seconds": 0.17532595107331872,
      "custom_call_count": 14,
      "error": null,
      "lowering_ok": true,
      "max_ms": 0.2113149967044592,
      "mean_ms": 0.18661997746676207,
      "min_ms": 0.17293391283601522,
      "p50_ms": 0.17944397404789925,
      "p95_ms": 0.20743680652230978,
      "packed_true_tokens": 96,
      "profiled_iterations": 7,
      "repeat_ms": [
        0.17293391283601522,
        0.2113149967044592,
        0.17944397404789925,
        0.19192404579371214,
        0.17748295795172453
      ],
      "warmup_ms": [
        0.9779109386727214,
        0.19845389761030674
      ]
    },
    "active_output_state_reconstruction_probe": {
      "attempted": true,
      "compile_seconds": 0.40275769494473934,
      "error": null,
      "lowering_ok": true,
      "max_ms": 0.4015689482912421,
      "mean_ms": 0.3386273514479399,
      "min_ms": 0.3139768959954381,
      "p50_ms": 0.32264692708849907,
      "p95_ms": 0.38834656588733196,
      "pallas_local_math_comparison": {
        "output_max_abs": 1.1920928955078125e-07,
        "output_mse": 7.70513578986123e-17,
        "state_max_abs": 5.960464477539062e-07,
        "state_mse": 7.018286302053374e-15,
        "valid_output_max_abs": 1.1920928955078125e-07,
        "valid_output_mse": 1.0273514386481639e-16
      },
      "pallas_local_math_passes_1e_5_gate": true,
      "profiled_iterations": 7,
      "reference_local_math_comparison": {
        "output_max_abs": 1.043081283569336e-07,
        "output_mse": 5.350402725339996e-17,
        "state_max_abs": 4.76837158203125e-07,
        "state_mse": 3.770824662718483e-15,
        "valid_output_max_abs": 1.043081283569336e-07,
        "valid_output_mse": 7.133870300453328e-17
      },
      "reference_local_math_passes_1e_5_gate": true,
      "repeat_ms": [
        0.3354570362716913,
        0.3139768959954381,
        0.4015689482912421,
        0.31948694959282875,
        0.32264692708849907
      ],
      "warmup_ms": [
        0.7363560143858194,
        0.38734800182282925
      ]
    },
    "attempted": true,
    "compile_seconds": 0.2434524450218305,
    "custom_call_count": 2,
    "error": null,
    "inactive_chunk_count": 1,
    "lowering_ok": true,
    "mask_matches_plan": true,
    "one_piece_gdn_prefill_probe": {
      "attempted": true,
      "block_v": 64,
      "comparison": {
        "output_max_abs": 1.4901161193847656e-07,
        "output_mse": 1.6246737790959762e-16,
        "state_max_abs": 1.1920928955078125e-06,
        "state_mse": 1.1857683685314625e-14,
        "valid_output_max_abs": 1.4901161193847656e-07,
        "valid_output_mse": 2.1662317054613016e-16
      },
      "compile_seconds": 19.428377087926492,
      "custom_call_count": 14,
      "enabled": true,
      "error": null,
      "lowering_ok": true,
      "max_ms": 0.4813900450244546,
      "mean_ms": 0.47069001011550426,
      "min_ms": 0.45827007852494717,
      "p50_ms": 0.4759900039061904,
      "p95_ms": 0.48061402048915625,
      "passes_1e_5_gate": true,
      "profiled_iterations": 7,
      "repeat_ms": [
        0.4759900039061904,
        0.47750992234796286,
        0.45827007852494717,
        0.4813900450244546,
        0.4602900007739663
      ],
      "warmup_ms": [
        3.883203025907278,
        0.47711003571748734
      ]
    },
    "rectangular_chunk_local_math_probe": {
      "attempted": true,
      "comparisons": {
        "attn_max_abs": 1.4901161193847656e-07,
        "attn_mse": 7.987852888342053e-17,
        "g_cumsum_max_abs": 1.7881393432617188e-07,
        "g_cumsum_mse": 1.1056151653920931e-15,
        "k_cumdecay_max_abs": 7.450580596923828e-08,
        "k_cumdecay_mse": 3.866942308743316e-17,
        "max_abs": 4.76837158203125e-07,
        "passes_1e_5_gate": true,
        "value_transformed_max_abs": 4.76837158203125e-07,
        "value_transformed_mse": 1.4379349897201618e-15
      },
      "compile_seconds": 3.4012118550017476,
      "custom_call_count": 14,
      "error": null,
      "lowering_ok": true,
      "max_ms": 0.2791559090837836,
      "mean_ms": 0.2176647773012519,
      "min_ms": 0.1924940152093768,
      "p50_ms": 0.20523497369140387,
      "p95_ms": 0.2652175258845091,
      "profiled_iterations": 7,
      "repeat_ms": [
        0.1924940152093768,
        0.20523497369140387,
        0.20946399308741093,
        0.2791559090837836,
        0.2019749954342842
      ],
      "warmup_ms": [
        0.6775549845770001,
        0.1913239248096943
      ]
    },
    "rectangular_local_split_reconstruction_probe": {
      "attempted": true,
      "compile_seconds": 0.2317140450468287,
      "error": null,
      "lowering_ok": true,
      "max_ms": 0.41873904410749674,
      "mean_ms": 0.3536477917805314,
      "min_ms": 0.32233702950179577,
      "p50_ms": 0.33685797825455666,
      "p95_ms": 0.40828483179211617,
      "pallas_local_math_comparison": {
        "output_max_abs": 1.1920928955078125e-07,
        "output_mse": 7.70513578986123e-17,
        "state_max_abs": 5.960464477539062e-07,
        "state_mse": 7.018286302053374e-15,
        "valid_output_max_abs": 1.1920928955078125e-07,
        "valid_output_mse": 1.0273514386481639e-16
      },
      "pallas_local_math_passes_1e_5_gate": true,
      "pallas_max_ms": 0.40275894571095705,
      "pallas_mean_ms": 0.37278200034052134,
      "pallas_min_ms": 0.340426922775805,
      "pallas_p50_ms": 0.3666681004688144,
      "pallas_p95_ms": 0.4002147587016225,
      "pallas_repeat_ms": [
        0.340426922775805,
        0.39003801066428423,
        0.40275894571095705,
        0.3666681004688144,
        0.36401802208274603
      ],
      "pallas_warmup_ms": [
        0.3532679984346032,
        0.3854080568999052
      ],