{
  "comparisons": {
    "cuda_fp32_one_piece_chunk32_vs_current_jax_chunk32_padded": {
      "output_max_abs": 2.288818359375e-05,
      "output_mse": 6.943069776337192e-15,
      "state_max_abs": 0.000244140625,
      "state_mse": 1.7079129777108903e-11,
      "valid_output_max_abs": 2.288818359375e-05,
      "valid_output_mse": 1.2343235157932786e-14
    },
    "current_jax_chunk32_padded_vs_current_jax_chunk32_padded": {
      "output_max_abs": 0.0,
      "output_mse": 0.0,
      "state_max_abs": 0.0,
      "state_mse": 0.0,
      "valid_output_max_abs": 0.0,
      "valid_output_mse": 0.0
    }
  },
  "decision": {
    "promote_to_server_routing": false,
    "reason": "standalone GDN probes only; no candidate was routed into the server"
  },
  "historical_negative_controls": [
    "Entry053 static row-chunk ragged GDN prefill",
    "Entry056 static chunk-major GDN prefill"
  ],
  "pallas_feasibility": {
    "active_chunk_count": 72,
    "active_chunk_local_math_probe": {
      "active_chunk_count": 72,
      "attempted": true,
      "comparisons": {
        "attn_max_abs": 2.384185791015625e-07,
        "attn_mse": 8.129986836688673e-18,
        "g_cumsum_max_abs": 3.5762786865234375e-07,
        "g_cumsum_mse": 1.4831636903673445e-15,
        "k_cumdecay_max_abs": 3.5762786865234375e-07,
        "k_cumdecay_mse": 1.773444296758782e-17,
        "max_abs": 9.5367431640625e-07,
        "passes_1e_5_gate": true,
        "value_transformed_max_abs": 9.5367431640625e-07,
        "value_transformed_mse": 2.825687883057157e-16
      },
      "compile_seconds": 4.221902922959998,
      "custom_call_count": null,
      "error": null,
      "lowering_ok": true,
      "max_ms": 1.8561199540272355,
      "mean_ms": 1.8322560121305287,
      "min_ms": 1.8062590388581157,
      "p50_ms": 1.8292089807800949,
      "p95_ms": 1.8558720592409372,
      "profiled_iterations": 13,
      "repeat_ms": [
        1.8255079630762339,
        1.8561199540272355,
        1.8099989974871278,
        1.8555690767243505,
        1.8062590388581157,
        1.8374690553173423,
        1.8298589857295156,
        1.8285589758306742,
        1.8509190995246172,
        1.8222989747300744
      ],
      "warmup_ms": [
        4.706599982455373,
        1.8770589958876371,
        1.8236780306324363
      ]
    },
    "active_input_pack_probe": {
      "active_chunk_count": 72,
      "attempted": true,
      "comparisons": {
        "beta_max_abs": 0.0,
        "beta_mse": 0.0,
        "g_max_abs": 0.0,
        "g_mse": 0.0,
        "key_max_abs": 0.0,
        "key_mse": 0.0,
        "max_abs": 0.0,
        "query_max_abs": 0.0,
        "query_mse": 0.0,
        "value_max_abs": 0.0,
        "value_mse": 0.0
      },
      "compile_seconds": 0.12931214307900518,
      "custom_call_count": null,
      "error": null,
      "lowering_ok": true,
      "max_ms": 0.49056101124733686,
      "mean_ms": 0.4355014185421169,
      "min_ms": 0.40376896504312754,
      "p50_ms": 0.432729022577405,
      "p95_ms": 0.48009358579292893,
      "packed_true_tokens": 2304,
      "profiled_iterations": 13,
      "repeat_ms": [
        0.4426890518516302,
        0.43898005969822407,
        0.49056101124733686,
        0.467300065793097,
        0.436319038271904,
        0.4250189522281289,
        0.40376896504312754,
        0.4166089929640293,
        0.40462904144078493,
        0.42913900688290596
      ],
      "warmup_ms": [
        0.8078080136328936,
        0.44059904757887125,
        0.43450004886835814
      ]
    },
    "active_output_state_reconstruction_probe": {
      "attempted": true,
      "compile_seconds": 1.86052753101103,
      "error": null,
      "lowering_ok": true,
      "max_ms": 3.995664999820292,
      "mean_ms": 3.973997593857348,
      "min_ms": 3.9597139693796635,
      "p50_ms": 3.9722444489598274,
      "p95_ms": 3.9902695163618773,
      "pallas_local_math_comparison": {
        "output_max_abs": 1.9073486328125e-05,
        "output_mse": 9.44567266471328e-15,
        "state_max_abs": 0.00030517578125,
        "state_mse": 1.9937466608221932e-11,
        "valid_output_max_abs": 1.9073486328125e-05,
        "valid_output_mse": 1.6792307900637994e-14
      },
      "pallas_local_math_passes_1e_5_gate": false,
      "profiled_iterations": 13,
      "reference_local_math_comparison": {
        "output_max_abs": 1.71661376953125e-05,
        "output_mse": 5.003998754802338e-15,
        "state_max_abs": 0.000213623046875,
        "state_mse": 1.1693166400428279e-11,
        "valid_output_max_abs": 1.71661376953125e-05,
        "valid_output_mse": 8.895998256889127e-15
      },
      "reference_local_math_passes_1e_5_gate": false,
      "repeat_ms": [
        3.9738640189170837,
        3.9683550130575895,
        3.972214995883405,
        3.972233971580863,
        3.972254926338792,
        3.9597139693796635,
        3.9836750365793705,
        3.995664999820292,
        3.9785549743101,
        3.9634440327063203
      ],
      "warmup_ms": [
        4.268441000021994,
        4.048475995659828,
        4.024825990200043
      ]
    },
    "attempted": true,
    "compile_seconds": 0.29439171601552516,
    "custom_call_count": null,
    "error": null,
    "inactive_chunk_count": 56,
    "lowering_ok": true,
    "mask_matches_plan": true,
    "one_piece_gdn_prefill_probe": {
      "attempted": false,
      "block_v": 64,
      "custom_call_count": null,
      "enabled": false,
      "error": null,
      "lowering_ok": null
    },
    "rectangular_chunk_local_math_probe": {
      "attempted": true,
      "comparisons": {
        "attn_max_abs": 2.384185791015625e-07,
        "attn_mse": 4.573117647336167e-18,
        "g_cumsum_max_abs": 3.5762786865234375e-07,
        "g_cumsum_mse": 8.342795427444068e-16,
        "k_cumdecay_max_abs": 3.5762786865234375e-07,
        "k_cumdecay_mse": 9.975624479460878e-18,
        "max_abs": 9.5367431640625e-07,
        "passes_1e_5_gate": true,
        "value_transformed_max_abs": 9.5367431640625e-07,
        "value_transformed_mse": 1.589449516937712e-16
      },
      "compile_seconds": 4.188727549975738,
      "custom_call_count": null,
      "error": null,
      "lowering_ok": true,
      "max_ms": 4.842862952500582,
      "mean_ms": 3.402808413375169,
      "min_ms": 3.1603870447725058,
      "p50_ms": 3.2525190617889166,
      "p95_ms": 4.132203187327834,
      "profiled_iterations": 13,
      "repeat_ms": [
        3.252329071983695,
        3.263619029894471,
        3.255388932302594,
        3.256718977354467,
        3.2515800558030605,
        3.1603870447725058,
        3.252709051594138,
        3.2521800603717566,
        3.2403089571744204,
        4.842862952500582
      ],
      "warmup_ms": [
        6.3087239395827055,
        3.237979020923376,
        3.2549400348216295
      ]
    },
    "rectangular_local_split_reconstruction_probe": {
      "attempted": true,
      "compile_seconds": 1.5560817220248282,
      "error": null,
      "lowering_ok": true,
      "max_ms": 3.6698878975585103,
      "mean_ms": 3.6446854937821627,
      "min_ms": 3.622697084210813,
      "p50_ms": 3.6417024675756693,
      "p95_ms": 3.6667919368483126,
      "pallas_local_math_comparison": {
        "output_max_abs": 1.9073486328125e-05,
        "output_mse": 9.44567266471328e-15,
        "state_max_abs": 0.00030517578125,
        "state_mse": 1.9937466608221932e-11,
        "valid_output_max_abs": 1.9073486328125e-05,
        "valid_output_mse": 1.6792307900637994e-14
      },
      "pallas_local_math_passes_1e_5_gate": false,
      "pallas_max_ms": 3.687098971568048,
      "pallas_mean_ms": 3.650452697183937,
      "pallas_min_ms": 3.6203881027176976,
      "pallas_p50_ms": 3.644592477940023,
      "pallas_p95_ms": 3.678710520034656,