{
  "comparisons": {
    "current_jax_chunk32_padded_vs_current_jax_chunk32_padded": {
      "output_max_abs": 0.0,
      "output_mse": 0.0,
      "state_max_abs": 0.0,
      "state_mse": 0.0,
      "valid_output_max_abs": 0.0,
      "valid_output_mse": 0.0
    }
  },
  "decision": {
    "promote_to_server_routing": false,
    "reason": "standalone GDN probes only; no candidate was routed into the server"
  },
  "historical_negative_controls": [
    "Entry053 static row-chunk ragged GDN prefill",
    "Entry056 static chunk-major GDN prefill"
  ],
  "pallas_feasibility": {
    "active_chunk_count": 72,
    "active_chunk_local_math_probe": {
      "active_chunk_count": 72,
      "attempted": true,
      "comparisons": {
        "attn_max_abs": 2.384185791015625e-07,
        "attn_mse": 8.129986836688673e-18,
        "g_cumsum_max_abs": 3.5762786865234375e-07,
        "g_cumsum_mse": 1.4831636903673445e-15,
        "k_cumdecay_max_abs": 3.5762786865234375e-07,
        "k_cumdecay_mse": 1.773444296758782e-17,
        "max_abs": 9.5367431640625e-07,
        "passes_1e_5_gate": true,
        "value_transformed_max_abs": 9.5367431640625e-07,
        "value_transformed_mse": 2.825687883057157e-16
      },
      "compile_seconds": 4.284637639997527,
      "custom_call_count": null,
      "error": null,
      "lowering_ok": true,
      "max_ms": 1.8975799903273582,
      "mean_ms": 1.8975799903273582,
      "min_ms": 1.8975799903273582,
      "p50_ms": 1.8975799903273582,
      "p95_ms": 1.8975799903273582,
      "profiled_iterations": 2,
      "repeat_ms": [
        1.8975799903273582
      ],
      "warmup_ms": [
        4.766492056660354
      ]
    },
    "active_input_pack_probe": {
      "active_chunk_count": 72,
      "attempted": true,
      "comparisons": {
        "beta_max_abs": 0.0,
        "beta_mse": 0.0,
        "g_max_abs": 0.0,
        "g_mse": 0.0,
        "key_max_abs": 0.0,
        "key_mse": 0.0,
        "max_abs": 0.0,
        "query_max_abs": 0.0,
        "query_mse": 0.0,
        "value_max_abs": 0.0,
        "value_mse": 0.0
      },
      "compile_seconds": 0.13162357010878623,
      "custom_call_count": null,
      "error": null,
      "lowering_ok": true,
      "max_ms": 0.45270996633917093,
      "mean_ms": 0.45270996633917093,
      "min_ms": 0.45270996633917093,
      "p50_ms": 0.45270996633917093,
      "p95_ms": 0.45270996633917093,
      "packed_true_tokens": 2304,
      "profiled_iterations": 2,
      "repeat_ms": [
        0.45270996633917093
      ],
      "warmup_ms": [
        0.7133350009098649
      ]
    },
    "active_output_state_reconstruction_probe": {
      "attempted": true,
      "compile_seconds": 0.20079168700613081,
      "error": null,
      "lowering_ok": true,
      "max_ms": 3.9965149480849504,
      "mean_ms": 3.9965149480849504,
      "min_ms": 3.9965149480849504,
      "p50_ms": 3.9965149480849504,
      "p95_ms": 3.9965149480849504,
      "pallas_local_math_comparison": {
        "output_max_abs": 1.9073486328125e-05,
        "output_mse": 9.44567266471328e-15,
        "state_max_abs": 0.00030517578125,
        "state_mse": 1.9937466608221932e-11,
        "valid_output_max_abs": 1.9073486328125e-05,
        "valid_output_mse": 1.6792307900637994e-14
      },
      "pallas_local_math_passes_1e_5_gate": false,
      "profiled_iterations": 2,
      "reference_local_math_comparison": {
        "output_max_abs": 1.71661376953125e-05,
        "output_mse": 5.003998754802338e-15,
        "state_max_abs": 0.000213623046875,
        "state_mse": 1.1693166400428279e-11,
        "valid_output_max_abs": 1.71661376953125e-05,
        "valid_output_mse": 8.895998256889127e-15
      },
      "reference_local_math_passes_1e_5_gate": false,
      "repeat_ms": [
        3.9965149480849504
      ],
      "warmup_ms": [
        4.21931897290051
      ]
    },
    "attempted": true,
    "compile_seconds": 0.299266996094957,
    "custom_call_count": null,
    "error": null,
    "inactive_chunk_count": 56,
    "lowering_ok": true,
    "mask_matches_plan": true,
    "one_piece_gdn_prefill_probe": {
      "attempted": false,
      "block_v": 64,
      "custom_call_count": null,
      "enabled": false,
      "error": null,
      "lowering_ok": null
    },
    "rectangular_chunk_local_math_probe": {
      "attempted": true,
      "comparisons": {
        "attn_max_abs": 2.384185791015625e-07,
        "attn_mse": 4.573117647336167e-18,
        "g_cumsum_max_abs": 3.5762786865234375e-07,
        "g_cumsum_mse": 8.342795427444068e-16,
        "k_cumdecay_max_abs": 3.5762786865234375e-07,
        "k_cumdecay_mse": 9.975624479460878e-18,
        "max_abs": 9.5367431640625e-07,
        "passes_1e_5_gate": true,
        "value_transformed_max_abs": 9.5367431640625e-07,
        "value_transformed_mse": 1.589449516937712e-16
      },
      "compile_seconds": 4.1671932430472225,
      "custom_call_count": null,
      "error": null,
      "lowering_ok": true,
      "max_ms": 3.2397089526057243,
      "mean_ms": 3.2397089526057243,
      "min_ms": 3.2397089526057243,
      "p50_ms": 3.2397089526057243,
      "p95_ms": 3.2397089526057243,
      "profiled_iterations": 2,
      "repeat_ms": [
        3.2397089526057243
      ],
      "warmup_ms": [
        6.274433922953904
      ]
    },
    "rectangular_local_split_reconstruction_probe": {
      "attempted": true,
      "compile_seconds": 0.04975779994856566,
      "error": null,
      "lowering_ok": true,
      "max_ms": 3.663287963718176,
      "mean_ms": 3.663287963718176,
      "min_ms": 3.663287963718176,
      "p50_ms": 3.663287963718176,
      "p95_ms": 3.663287963718176,
      "pallas_local_math_comparison": {
        "output_max_abs": 1.9073486328125e-05,
        "output_mse": 9.44567266471328e-15,
        "state_max_abs": 0.00030517578125,
        "state_mse": 1.9937466608221932e-11,
        "valid_output_max_abs": 1.9073486328125e-05,
        "valid_output_mse": 1.6792307900637994e-14
      },
      "pallas_local_math_passes_1e_5_gate": false,
      "pallas_max_ms": 3.669549012556672,
      "pallas_mean_ms": 3.669549012556672,
      "pallas_min_ms": 3.669549012556672,
      "pallas_p50_ms": 3.669549012556672,
      "pallas_p95_ms": 3.669549012556672,
      "pallas_repeat_ms": [
        3.669549012556672
      ],
      "pallas_warmup_ms": [
        3.6535069812089205
      ],
      "profiled_iterations": 2,
      "reference_local_math_comparison": {
        "output_max_abs": 1.71661376953125e-05,
        "output_mse": 5.003998754802338e-15,
        "state_max_abs": 0.000213623046875,
        "state_mse": 1.1693166400428279e-11,
        "valid_output_max_abs": 1.71661376953125e-05,
        "valid_output_mse": 8.895998256889127e-15
      },
      "reference_local_math_passes_1e_5_gate": false,
      "repeat_ms": [
        3.663287963718176
      ],
      "warmup_ms": [
        3.696847939863801
      ]
    },
    "run_ms": 1.0397819569334388,
    "total_chunk_count": 128
  },
  "profile_counters": null,
  "run": {
    "issues": [],
    "profile_enabled": false,
    "profile_error": null,
    "profile_path": "/mountpoint/.exp/profiles/20260526-103322-2270488-gdn_prefill_segmented_reference_gate_hetero8_64_512x32",
    "profile_started": false,
    "run_id": "20260526-103322-2270488-gdn_prefill_segmented_reference_gate_hetero8_64_512x32",
    "run_label": "gdn_prefill_segmented_reference_gate_hetero8_64_512x32",
    "run_log_path": "/mountpoint/.exp/run_logs/run_journal.jsonl"
  },
  "run_config": {
    "active_chunk_plan": {
      "active_chunk_count": 72,