{
  "comparisons": {
    "current_jax_chunk32_padded_vs_current_jax_chunk32_padded": {
      "output_max_abs": 0.0,
      "output_mse": 0.0,
      "state_max_abs": 0.0,
      "state_mse": 0.0,
      "valid_output_max_abs": 0.0,
      "valid_output_mse": 0.0
    }
  },
  "decision": {
    "promote_to_server_routing": false,
    "reason": "metadata/input-pack/local-math scaffold only; no backend-owned GDN candidate was routed"
  },
  "historical_negative_controls": [
    "Entry053 static row-chunk ragged GDN prefill",
    "Entry056 static chunk-major GDN prefill"
  ],
  "pallas_feasibility": {
    "active_chunk_count": 72,
    "active_chunk_local_math_probe": {
      "active_chunk_count": 72,
      "attempted": true,
      "comparisons": {
        "attn_max_abs": 2.384185791015625e-07,
        "attn_mse": 8.129986836688673e-18,
        "g_cumsum_max_abs": 3.5762786865234375e-07,
        "g_cumsum_mse": 1.4831636903673445e-15,
        "k_cumdecay_max_abs": 3.5762786865234375e-07,
        "k_cumdecay_mse": 1.773444296758782e-17,
        "max_abs": 9.5367431640625e-07,
        "passes_1e_5_gate": true,
        "value_transformed_max_abs": 9.5367431640625e-07,
        "value_transformed_mse": 2.825687883057157e-16
      },
      "compile_seconds": 5.094144532922655,
      "custom_call_count": 50,
      "error": null,
      "lowering_ok": true,
      "max_ms": 2.0119729451835155,
      "mean_ms": 1.96998359169811,
      "min_ms": 1.9150309963151813,
      "p50_ms": 1.9667574670165777,
      "p95_ms": 2.0044394652359188,
      "profiled_iterations": 25,
      "repeat_ms": [
        1.961821923032403,
        1.9784820033237338,
        1.9533309387043118,
        1.9667919259518385,
        1.9599620718508959,
        2.0119729451835155,
        1.97647197637707,
        1.9873320125043392,
        1.9663519924506545,
        1.966723008081317,
        1.9476610468700528,
        1.9575819605961442,
        1.9430420361459255,
        1.9150309963151813,
        2.000572974793613,
        1.9644420826807618,
        1.9733329536393285,
        1.9834820413962007,
        1.9812419777736068,
        2.0040429662913084
      ],
      "warmup_ms": [
        4.295772057957947,
        2.071163966320455,
        1.9811620004475117,
        1.957571948878467,
        1.9918630132451653
      ]
    },
    "active_input_pack_probe": {
      "active_chunk_count": 72,
      "attempted": true,
      "comparisons": {
        "beta_max_abs": 0.0,
        "beta_mse": 0.0,
        "g_max_abs": 0.0,
        "g_mse": 0.0,
        "key_max_abs": 0.0,
        "key_mse": 0.0,
        "max_abs": 0.0,
        "query_max_abs": 0.0,
        "query_mse": 0.0,
        "value_max_abs": 0.0,
        "value_mse": 0.0
      },
      "compile_seconds": 0.16715844895225018,
      "custom_call_count": 50,
      "error": null,
      "lowering_ok": true,
      "max_ms": 0.5270009860396385,
      "mean_ms": 0.49603208899497986,
      "min_ms": 0.46469992958009243,
      "p50_ms": 0.497690518386662,
      "p95_ms": 0.518678966909647,
      "packed_true_tokens": 2304,
      "profiled_iterations": 25,
      "repeat_ms": [
        0.5075810477137566,
        0.4853500286117196,
        0.5182409659028053,
        0.5039509851485491,
        0.5018609808757901,
        0.4962310194969177,
        0.5001409444957972,
        0.5014199996367097,
        0.5119210109114647,
        0.4991500172764063,
        0.4953600000590086,
        0.49135100562125444,
        0.4898509941995144,
        0.4873299039900303,
        0.5036509828642011,
        0.4869310650974512,
        0.5270009860396385,
        0.47142000403255224,
        0.46469992958009243,
        0.47719990834593773
      ],
      "warmup_ms": [
        1.487512025050819,
        0.5288310348987579,
        0.5107710603624582,
        0.4977310309186578,
        0.5028409650549293
      ]
    },
    "attempted": true,
    "compile_seconds": 0.33632945106364787,
    "custom_call_count": 2,
    "error": null,
    "inactive_chunk_count": 56,
    "lowering_ok": true,
    "mask_matches_plan": true,
    "run_ms": 6.639181985519826,
    "total_chunk_count": 128
  },
  "profile_counters": {
    "profiled_iterations": 25,
    "ranges": {
      "MemcpyD2D": {
        "count": 875,
        "count_per_iter": 35.0,
        "ms_per_iter": 0.25039107999999893,
        "total_ms": 6.259776999999974
      },
      "PjRtCApiLoadedExecutable::Execute": {
        "count": 76,
        "count_per_iter": 3.04,
        "ms_per_iter": 2.3134123600000005,
        "total_ms": 57.83530900000002
      },
      "Thunks::Initialize": {
        "count": 76,
        "count_per_iter": 3.04,
        "ms_per_iter": 0.10805996000000001,
        "total_ms": 2.701499
      },
      "command_buffer::execute": {
        "count": 1225,
        "count_per_iter": 49.0,
        "ms_per_iter": 0.9280694799999994,
        "total_ms": 23.201736999999987
      },
      "command_buffer::update": {
        "count": 96,
        "count_per_iter": 3.84,
        "ms_per_iter": 0.06936711999999996,
        "total_ms": 1.734177999999999
      },
      "fusion": {
        "count": 7800,
        "count_per_iter": 312.0,
        "ms_per_iter": 3.9156062799999343,
        "total_ms": 97.89015699999835
      },
      "gdn_active_chunk_local_math_chunk32_probe": {
        "count": 50,
        "count_per_iter": 2.0,
        "ms_per_iter": 1.82242696,
        "total_ms": 45.560674
      },
      "gdn_active_chunk_probe": {
        "count": 2,
        "count_per_iter": 0.08,
        "ms_per_iter": 0.0023394799999999997,
        "total_ms": 0.058487
      },
      "gdn_active_input_pack_probe": {
        "count": 50,
        "count_per_iter": 2.0,
        "ms_per_iter": 0.26684027999999993,
        "total_ms": 6.671006999999999
      },
      "gdn_prefill/current_jax_chunk32_padded": {
        "count": 25,
        "count_per_iter": 1.0,
        "ms_per_iter": 7.017348199999999,
        "total_ms": 175.43370499999997
      },
      "gdn_prefill/pallas_active_chunk_local_math_probe": {
        "count": 25,
        "count_per_iter": 1.0,
        "ms_per_iter": 2.07088876,
        "total_ms": 51.77221899999999
      },
      "gdn_prefill/pallas_active_chunk_probe": {
        "count": 1,
        "count_per_iter": 0.04,
        "ms_per_iter": 0.26786572,
        "total_ms": 6.696643
      },
      "gdn_prefill/pallas_active_input_pack_probe": {
        "count": 25,
        "count_per_iter": 1.0,
        "ms_per_iter": 0.5416971600000001,
        "total_ms": 13.542429000000002
      },
      "input_reduce_fusion": {
        "count": 775,
        "count_per_iter": 31.0,
        "ms_per_iter": 0.5853519599999988,
        "total_ms": 14.63379899999997
      },
      "loop_dynamic_update_slice_fusion": {
        "count": 1175,
        "count_per_iter": 47.0,
        "ms_per_iter": 0.26176548000000666,
        "total_ms": 6.544137000000167
      },
      "loop_multiply_fusion": {
        "count": 425,
        "count_per_iter": 17.0,
        "ms_per_iter": 0.9144189200000001,
        "total_ms": 22.860473000000002
      },
      "transpose": {
        "count": 625,
        "count_per_iter": 25.0,
        "ms_per_iter": 0.6663478400000001,
        "total_ms": 16.658696000000003
      },
      "while": {
        "count": 50,
        "count_per_iter": 2.0,
        "ms_per_iter": 1.30777704,
        "total_ms": 32.694426
      }
    },
    "trace_json_gz": "/mountpoint/.exp/profiles/20260526-060946-2172399-gdn_prefill_kernel_active_local_math_hetero8_64_512x32/plugins/profile/2026_05_26_06_09_59/INDCS0291.atrapa.deloitte.com.trace.json.gz"
  },
  "run": {
    "issues": [],
    "profile_enabled": true,
    "profile_error": null,
    "profile_path": "/mountpoint/.exp/profiles/20260526-060946-2172399-gdn_prefill_kernel_active_local_math_hetero8_64_512x32",
    "profile_started": false,
    "run_id": "20260526-060946-2172399-gdn_prefill_kernel_active_local_math_hetero8_64_512x32",