{
  "comparisons": {
    "cuda_fp32_one_piece_chunk32_v64_vs_current_jax_chunk32_padded": {
      "output_max_abs": 1.4901161193847656e-07,
      "output_mse": 2.0057573431370341e-16,
      "state_max_abs": 6.109476089477539e-07,
      "state_mse": 1.1542808504535259e-14,
      "valid_output_max_abs": 1.4901161193847656e-07,
      "valid_output_mse": 2.5419498451770956e-16
    },
    "cuda_fp32_one_piece_chunk32_vs_current_jax_chunk32_padded": {
      "output_max_abs": 1.4901161193847656e-07,
      "output_mse": 2.0057573431370341e-16,
      "state_max_abs": 6.109476089477539e-07,
      "state_mse": 1.1542808504535259e-14,
      "valid_output_max_abs": 1.4901161193847656e-07,
      "valid_output_mse": 2.5419498451770956e-16
    },
    "current_jax_chunk32_padded_vs_current_jax_chunk32_padded": {
      "output_max_abs": 0.0,
      "output_mse": 0.0,
      "state_max_abs": 0.0,
      "state_mse": 0.0,
      "valid_output_max_abs": 0.0,
      "valid_output_mse": 0.0
    }
  },
  "decision": {
    "promote_to_server_routing": false,
    "reason": "standalone GDN probes only; no candidate was routed into the server"
  },
  "historical_negative_controls": [
    "Entry053 static row-chunk ragged GDN prefill",
    "Entry056 static chunk-major GDN prefill"
  ],
  "pallas_feasibility": {
    "active_chunk_count": 4,
    "active_chunk_local_math_probe": {
      "active_chunk_count": 4,
      "attempted": true,
      "comparisons": {
        "attn_max_abs": 8.940696716308594e-08,
        "attn_mse": 2.524764340770694e-17,
        "g_cumsum_max_abs": 1.7881393432617188e-07,
        "g_cumsum_mse": 1.1322865388352366e-15,
        "k_cumdecay_max_abs": 1.1920928955078125e-07,
        "k_cumdecay_mse": 4.7158321110366756e-17,
        "max_abs": 4.76837158203125e-07,
        "passes_1e_5_gate": true,
        "value_transformed_max_abs": 4.76837158203125e-07,
        "value_transformed_mse": 6.682868137083367e-16
      },
      "compile_seconds": 2.8233647369779646,
      "custom_call_count": null,
      "error": null,
      "lowering_ok": true,
      "max_ms": 0.19142404198646545,
      "mean_ms": 0.184523679005603,
      "min_ms": 0.17092295456677675,
      "p50_ms": 0.19122404046356678,
      "p95_ms": 0.1914040418341756,
      "profiled_iterations": 4,
      "repeat_ms": [
        0.19122404046356678,
        0.19142404198646545,
        0.17092295456677675
      ],
      "warmup_ms": [
        0.57259202003479
      ]
    },
    "active_input_pack_probe": {
      "active_chunk_count": 4,
      "attempted": true,
      "comparisons": {
        "beta_max_abs": 0.0,
        "beta_mse": 0.0,
        "g_max_abs": 0.0,
        "g_mse": 0.0,
        "key_max_abs": 0.0,
        "key_mse": 0.0,
        "max_abs": 0.0,
        "query_max_abs": 0.0,
        "query_mse": 0.0,
        "value_max_abs": 0.0,
        "value_mse": 0.0
      },
      "compile_seconds": 0.10512364900205284,
      "custom_call_count": null,
      "error": null,
      "lowering_ok": true,
      "max_ms": 0.19177398644387722,
      "mean_ms": 0.18353399354964495,
      "min_ms": 0.17733406275510788,
      "p50_ms": 0.18149393144994974,
      "p95_ms": 0.19074598094448447,
      "packed_true_tokens": 128,
      "profiled_iterations": 4,
      "repeat_ms": [
        0.17733406275510788,
        0.19177398644387722,
        0.18149393144994974
      ],
      "warmup_ms": [
        1.0084309615194798
      ]
    },
    "active_output_state_reconstruction_probe": {
      "attempted": true,
      "compile_seconds": 0.7015020189573988,
      "error": null,
      "lowering_ok": true,
      "max_ms": 0.2916960511356592,
      "mean_ms": 0.2623556647449732,
      "min_ms": 0.22888497915118933,
      "p50_ms": 0.266485963948071,
      "p95_ms": 0.2891750424169004,
      "pallas_local_math_comparison": {
        "output_max_abs": 1.7881393432617188e-07,
        "output_mse": 2.1752009902793366e-16,
        "state_max_abs": 5.960464477539062e-07,
        "state_mse": 9.918019740716693e-15,
        "valid_output_max_abs": 1.7881393432617188e-07,
        "valid_output_mse": 2.756690432058394e-16
      },
      "pallas_local_math_passes_1e_5_gate": true,
      "profiled_iterations": 4,
      "reference_local_math_comparison": {
        "output_max_abs": 1.1920928955078125e-07,
        "output_mse": 4.7986593601328354e-17,
        "state_max_abs": 4.76837158203125e-07,
        "state_mse": 2.935005161136409e-15,
        "valid_output_max_abs": 1.1920928955078125e-07,
        "valid_output_mse": 6.081468921181302e-17
      },
      "reference_local_math_passes_1e_5_gate": true,
      "repeat_ms": [
        0.2916960511356592,
        0.266485963948071,
        0.22888497915118933
      ],
      "warmup_ms": [
        0.4741699667647481
      ]
    },
    "attempted": true,
    "compile_seconds": 0.2974153240211308,
    "custom_call_count": null,
    "error": null,
    "inactive_chunk_count": 0,
    "lowering_ok": true,
    "mask_matches_plan": true,
    "one_piece_gdn_prefill_probe": {
      "attempted": false,
      "block_v": 64,
      "custom_call_count": null,
      "enabled": false,
      "error": null,
      "lowering_ok": null
    },
    "rectangular_chunk_local_math_probe": {
      "attempted": true,
      "comparisons": {
        "attn_max_abs": 8.940696716308594e-08,
        "attn_mse": 2.6329949682228472e-17,
        "g_cumsum_max_abs": 1.7881393432617188e-07,
        "g_cumsum_mse": 1.1322865388352366e-15,
        "k_cumdecay_max_abs": 1.1920928955078125e-07,
        "k_cumdecay_mse": 4.688023953203868e-17,
        "max_abs": 4.76837158203125e-07,
        "passes_1e_5_gate": true,
        "value_transformed_max_abs": 4.76837158203125e-07,
        "value_transformed_mse": 6.887313303188586e-16
      },
      "compile_seconds": 2.763963831937872,
      "custom_call_count": null,
      "error": null,
      "lowering_ok": true,
      "max_ms": 0.2341950312256813,
      "mean_ms": 0.20919437520205975,
      "min_ms": 0.1945940311998129,
      "p50_ms": 0.19879406318068504,
      "p95_ms": 0.23065493442118168,
      "profiled_iterations": 4,
      "repeat_ms": [
        0.2341950312256813,
        0.19879406318068504,
        0.1945940311998129
      ],
      "warmup_ms": [
        0.45803003013134
      ]
    },
    "rectangular_local_split_reconstruction_probe": {
      "attempted": true,
      "compile_seconds": 0.5239576109452173,
      "error": null,
      "lowering_ok": true,
      "max_ms": 0.24216505698859692,
      "mean_ms": 0.2323047180349628,
      "min_ms": 0.21994404960423708,
      "p50_ms": 0.23480504751205444,
      "p95_ms": 0.24142905604094267,
      "pallas_local_math_comparison": {
        "output_max_abs": 1.7881393432617188e-07,
        "output_mse": 2.1752009902793366e-16,
        "state_max_abs": 5.960464477539062e-07,
        "state_mse": 9.918019740716693e-15,
        "valid_output_max_abs": 1.7881393432617188e-07,
        "valid_output_mse": 2.756690432058394e-16
      },
      "pallas_local_math_passes_1e_5_gate": true,
      "pallas_max_ms": 0.239024986512959,
      "pallas_mean_ms": 0.230698031373322,
      "pallas_min_ms": 0.21575402934104204,
      "pallas_p50_ms": 0.23731507826596498,
      "pallas_p95_ms": 0.2388539956882596,
      "pallas_repeat_ms": [
        0.239024986512959,
        0.23731507826596498,
        0.21575402934104204
      ],
      "pallas_warmup_ms": [
        0.22402405738830566
      ],
      "profiled_iterations": 4,
      "reference_local_math_comparison": {
        "output_max_abs": 0.0,
        "output_mse": 0.0,
        "state_max_abs": 0.0,
        "state_mse": 0.0,
        "valid_output_max_abs": 0.0,
        "valid_output_mse": 0.0
      },
      "reference_local_math_passes_1e_5_gate": true,
      "repeat_ms": [
        0.23480504751205444,
        0.24216505698859692,
        0.21994404960423708
      ],
      "warmup_ms": [
        0.2832760801538825
      ]
    },
    "run_ms": 3.13396705314517,
    "total_chunk_count": 4
  },