{
  "comparisons": {
    "current_jax_chunk32_padded_vs_current_jax_chunk32_padded": {
      "output_max_abs": 0.0,
      "output_mse": 0.0,
      "state_max_abs": 0.0,
      "state_mse": 0.0,
      "valid_output_max_abs": 0.0,
      "valid_output_mse": 0.0
    }
  },
  "decision": {
    "promote_to_server_routing": false,
    "reason": "metadata/input-pack scaffold only; no backend-owned GDN candidate was routed"
  },
  "historical_negative_controls": [
    "Entry053 static row-chunk ragged GDN prefill",
    "Entry056 static chunk-major GDN prefill"
  ],
  "pallas_feasibility": {
    "active_chunk_count": 72,
    "active_input_pack_probe": {
      "active_chunk_count": 72,
      "attempted": true,
      "comparisons": {
        "beta_max_abs": 0.0,
        "beta_mse": 0.0,
        "g_max_abs": 0.0,
        "g_mse": 0.0,
        "key_max_abs": 0.0,
        "key_mse": 0.0,
        "max_abs": 0.0,
        "query_max_abs": 0.0,
        "query_mse": 0.0,
        "value_max_abs": 0.0,
        "value_mse": 0.0
      },
      "compile_seconds": 0.15741550899110734,
      "custom_call_count": 50,
      "error": null,
      "lowering_ok": true,
      "max_ms": 0.4778399597853422,
      "mean_ms": 0.4560427914839238,
      "min_ms": 0.43877994176000357,
      "p50_ms": 0.4546249401755631,
      "p95_ms": 0.47200709232129157,
      "packed_true_tokens": 2304,
      "profiled_iterations": 25,
      "repeat_ms": [
        0.45256002340465784,
        0.4661900456994772,
        0.43877994176000357,
        0.4574389895424247,
        0.4515890032052994,
        0.47170009929686785,
        0.45717007014900446,
        0.4564999835565686,
        0.4439200274646282,
        0.45267899986356497,
        0.44963997788727283,
        0.4522299859672785,
        0.44835894368588924,
        0.4566400311887264,
        0.4502799129113555,
        0.4778399597853422,
        0.4639399703592062,
        0.45274989679455757,
        0.45849999878555536,
        0.46214996837079525
      ],
      "warmup_ms": [
        1.2236159527674317,
        4.886744078248739,
        0.4720900906249881,
        0.4580289823934436,
        0.4520900547504425
      ]
    },
    "attempted": true,
    "compile_seconds": 0.30204808700364083,
    "custom_call_count": 2,
    "error": null,
    "inactive_chunk_count": 56,
    "lowering_ok": true,
    "mask_matches_plan": true,
    "run_ms": 4.9913059920072556,
    "total_chunk_count": 128
  },
  "profile_counters": {
    "profiled_iterations": 25,
    "ranges": {
      "MemcpyD2D": {
        "count": 875,
        "count_per_iter": 35.0,
        "ms_per_iter": 0.22036579999999972,
        "total_ms": 5.509144999999993
      },
      "PjRtCApiLoadedExecutable::Execute": {
        "count": 51,
        "count_per_iter": 2.04,
        "ms_per_iter": 4.00540484,
        "total_ms": 100.135121
      },
      "Thunks::Initialize": {
        "count": 51,
        "count_per_iter": 2.04,
        "ms_per_iter": 2.42553352,
        "total_ms": 60.638338
      },
      "command_buffer::execute": {
        "count": 1225,
        "count_per_iter": 49.0,
        "ms_per_iter": 0.7681240800000004,
        "total_ms": 19.203102000000012
      },
      "command_buffer::update": {
        "count": 96,
        "count_per_iter": 3.84,
        "ms_per_iter": 0.06607399999999997,
        "total_ms": 1.6518499999999992
      },
      "fusion": {
        "count": 7800,
        "count_per_iter": 312.0,
        "ms_per_iter": 3.8227480399999525,
        "total_ms": 95.56870099999881
      },
      "gdn_active_chunk_probe": {
        "count": 2,
        "count_per_iter": 0.08,
        "ms_per_iter": 0.0022349999999999996,
        "total_ms": 0.055874999999999994
      },
      "gdn_active_input_pack_probe": {
        "count": 50,
        "count_per_iter": 2.0,
        "ms_per_iter": 0.26629559999999997,
        "total_ms": 6.6573899999999995
      },
      "gdn_prefill/current_jax_chunk32_padded": {
        "count": 25,
        "count_per_iter": 1.0,
        "ms_per_iter": 8.93892532,
        "total_ms": 223.473133
      },
      "gdn_prefill/pallas_active_chunk_probe": {
        "count": 1,
        "count_per_iter": 0.04,
        "ms_per_iter": 0.20245632,
        "total_ms": 5.061408
      },
      "gdn_prefill/pallas_active_input_pack_probe": {
        "count": 25,
        "count_per_iter": 1.0,
        "ms_per_iter": 0.6675750400000001,
        "total_ms": 16.689376000000003
      },
      "input_reduce_fusion": {
        "count": 775,
        "count_per_iter": 31.0,
        "ms_per_iter": 0.5863030399999993,
        "total_ms": 14.657575999999983
      },
      "loop_dynamic_update_slice_fusion": {
        "count": 1175,
        "count_per_iter": 47.0,
        "ms_per_iter": 0.22304668000000555,
        "total_ms": 5.576167000000138
      },
      "loop_multiply_fusion": {
        "count": 425,
        "count_per_iter": 17.0,
        "ms_per_iter": 0.9158270000000007,
        "total_ms": 22.89567500000002
      },
      "transpose": {
        "count": 625,
        "count_per_iter": 25.0,
        "ms_per_iter": 0.6588617200000002,
        "total_ms": 16.471543000000004
      },
      "while": {
        "count": 50,
        "count_per_iter": 2.0,
        "ms_per_iter": 1.0772562400000005,
        "total_ms": 26.931406000000013
      }
    },
    "trace_json_gz": "/mountpoint/.exp/profiles/20260526-055311-2168055-gdn_prefill_kernel_active_input_pack_hetero8_64_512x32/plugins/profile/2026_05_26_05_53_17/INDCS0291.atrapa.deloitte.com.trace.json.gz"
  },
  "run": {
    "issues": [],
    "profile_enabled": true,
    "profile_error": null,
    "profile_path": "/mountpoint/.exp/profiles/20260526-055311-2168055-gdn_prefill_kernel_active_input_pack_hetero8_64_512x32",
    "profile_started": false,
    "run_id": "20260526-055311-2168055-gdn_prefill_kernel_active_input_pack_hetero8_64_512x32",
    "run_label": "gdn_prefill_kernel_active_input_pack_hetero8_64_512x32",
    "run_log_path": "/mountpoint/.exp/run_logs/run_journal.jsonl"
  },
  "run_config": {
    "active_chunk_plan": {
      "active_chunk_count": 72,
      "active_chunks": [
        0,
        1,
        0,
        1,
        2,
        3,
        0,
        1,
        2,
        3,
        4,
        5,
        0,
        1,
        2,
        3,
        4,
        5,
        6,
        7,
        0,
        1,
        2,
        3,
        4,
        5,
        6,
        7,
        8,
        9,
        0,
        1,
        2,
        3,
        4,
        5,
        6,
        7,
        8,
        9,
        10,
        11,
        0,
        1,
        2,
        3,
        4,
        5,
        6,
        7,
        8,
        9,
        10,
        11,
        12,
        13,
        0,
        1,
        2,
        3,
        4,
        5,
        6,
        7,
        8,
        9,
        10,
        11,
        12,
        13,
        14,
        15
      ],