{
  "comparisons": {
    "cuda_fp32_one_piece_chunk32_vs_current_jax_chunk32_padded": {
      "output_max_abs": 1.4901161193847656e-07,
      "output_mse": 1.9395711150808692e-16,
      "state_max_abs": 7.152557373046875e-07,
      "state_mse": 1.1351503572299033e-14,
      "valid_output_max_abs": 1.4901161193847656e-07,
      "valid_output_mse": 2.4580702899928703e-16
    },
    "current_jax_chunk32_padded_vs_current_jax_chunk32_padded": {
      "output_max_abs": 0.0,
      "output_mse": 0.0,
      "state_max_abs": 0.0,
      "state_mse": 0.0,
      "valid_output_max_abs": 0.0,
      "valid_output_mse": 0.0
    }
  },
  "decision": {
    "promote_to_server_routing": false,
    "reason": "standalone GDN probes only; no candidate was routed into the server"
  },
  "historical_negative_controls": [
    "Entry053 static row-chunk ragged GDN prefill",
    "Entry056 static chunk-major GDN prefill"
  ],
  "pallas_feasibility": {
    "active_chunk_count": 4,
    "active_chunk_local_math_probe": {
      "active_chunk_count": 4,
      "attempted": true,
      "comparisons": {
        "attn_max_abs": 8.940696716308594e-08,
        "attn_mse": 2.524764340770694e-17,
        "g_cumsum_max_abs": 1.7881393432617188e-07,
        "g_cumsum_mse": 1.1322865388352366e-15,
        "k_cumdecay_max_abs": 1.1920928955078125e-07,
        "k_cumdecay_mse": 4.7158321110366756e-17,
        "max_abs": 3.5762786865234375e-07,
        "passes_1e_5_gate": true,
        "value_transformed_max_abs": 3.5762786865234375e-07,
        "value_transformed_mse": 6.556828046345151e-16
      },
      "compile_seconds": 2.66313863103278,
      "custom_call_count": null,
      "error": null,
      "lowering_ok": true,
      "max_ms": 0.18279405776411295,
      "mean_ms": 0.171434017829597,
      "min_ms": 0.16007397789508104,
      "p50_ms": 0.171434017829597,
      "p95_ms": 0.18165805377066135,
      "profiled_iterations": 3,
      "repeat_ms": [
        0.18279405776411295,
        0.16007397789508104
      ],
      "warmup_ms": [
        0.4795009735971689
      ]
    },
    "active_input_pack_probe": {
      "active_chunk_count": 4,
      "attempted": true,
      "comparisons": {
        "beta_max_abs": 0.0,
        "beta_mse": 0.0,
        "g_max_abs": 0.0,
        "g_mse": 0.0,
        "key_max_abs": 0.0,
        "key_mse": 0.0,
        "max_abs": 0.0,
        "query_max_abs": 0.0,
        "query_mse": 0.0,
        "value_max_abs": 0.0,
        "value_mse": 0.0
      },
      "compile_seconds": 0.09533847798593342,
      "custom_call_count": null,
      "error": null,
      "lowering_ok": true,
      "max_ms": 0.1782439649105072,
      "mean_ms": 0.17583899898454547,
      "min_ms": 0.17343403305858374,
      "p50_ms": 0.17583899898454547,
      "p95_ms": 0.17800346831791103,
      "packed_true_tokens": 128,
      "profiled_iterations": 3,
      "repeat_ms": [
        0.1782439649105072,
        0.17343403305858374
      ],
      "warmup_ms": [
        0.4682400031015277
      ]
    },
    "active_output_state_reconstruction_probe": {
      "attempted": true,
      "compile_seconds": 0.6330348240444437,
      "error": null,
      "lowering_ok": true,
      "max_ms": 0.23891497403383255,
      "mean_ms": 0.21653500152751803,
      "min_ms": 0.19415502902120352,
      "p50_ms": 0.21653500152751803,
      "p95_ms": 0.2366769767832011,
      "pallas_local_math_comparison": {
        "output_max_abs": 1.341104507446289e-07,
        "output_mse": 2.0437213598329719e-16,
        "state_max_abs": 5.960464477539062e-07,
        "state_mse": 9.053342250138138e-15,
        "valid_output_max_abs": 1.341104507446289e-07,
        "valid_output_mse": 2.59006264007012e-16
      },
      "pallas_local_math_passes_1e_5_gate": true,
      "profiled_iterations": 3,
      "reference_local_math_comparison": {
        "output_max_abs": 7.450580596923828e-08,
        "output_mse": 4.125363789144478e-17,
        "state_max_abs": 2.384185791015625e-07,
        "state_mse": 2.69170299385061e-15,
        "valid_output_max_abs": 7.450580596923828e-08,
        "valid_output_mse": 5.228183811985081e-17
      },
      "reference_local_math_passes_1e_5_gate": true,
      "repeat_ms": [
        0.23891497403383255,
        0.19415502902120352
      ],
      "warmup_ms": [
        0.3424470778554678
      ]
    },
    "attempted": true,
    "compile_seconds": 1.1683771089883521,
    "custom_call_count": null,
    "error": null,
    "inactive_chunk_count": 0,
    "lowering_ok": true,
    "mask_matches_plan": true,
    "one_piece_gdn_prefill_probe": {
      "attempted": false,
      "block_v": 64,
      "custom_call_count": null,
      "enabled": false,
      "error": null,
      "lowering_ok": null
    },
    "rectangular_chunk_local_math_probe": {
      "attempted": true,
      "comparisons": {
        "attn_max_abs": 8.940696716308594e-08,
        "attn_mse": 2.6329949682228472e-17,
        "g_cumsum_max_abs": 1.7881393432617188e-07,
        "g_cumsum_mse": 1.1322865388352366e-15,
        "k_cumdecay_max_abs": 1.1920928955078125e-07,
        "k_cumdecay_mse": 4.688023953203868e-17,
        "max_abs": 3.5762786865234375e-07,
        "passes_1e_5_gate": true,
        "value_transformed_max_abs": 3.5762786865234375e-07,
        "value_transformed_mse": 6.443439980860955e-16
      },
      "compile_seconds": 2.6510024330345914,
      "custom_call_count": null,
      "error": null,
      "lowering_ok": true,
      "max_ms": 0.17450295854359865,
      "mean_ms": 0.17142301658168435,
      "min_ms": 0.16834307461977005,
      "p50_ms": 0.17142301658168435,
      "p95_ms": 0.17419496434740722,
      "profiled_iterations": 3,
      "repeat_ms": [
        0.16834307461977005,
        0.17450295854359865
      ],
      "warmup_ms": [
        0.41963905096054077
      ]
    },
    "rectangular_local_split_reconstruction_probe": {
      "attempted": true,
      "compile_seconds": 0.4977440160000697,
      "error": null,
      "lowering_ok": true,
      "max_ms": 0.2225140342488885,
      "mean_ms": 0.21665950771421194,
      "min_ms": 0.2108049811795354,
      "p50_ms": 0.21665950771421194,
      "p95_ms": 0.22192858159542084,
      "pallas_local_math_comparison": {
        "output_max_abs": 1.341104507446289e-07,
        "output_mse": 2.0437213598329719e-16,
        "state_max_abs": 5.960464477539062e-07,
        "state_mse": 9.053342250138138e-15,
        "valid_output_max_abs": 1.341104507446289e-07,
        "valid_output_mse": 2.59006264007012e-16
      },
      "pallas_local_math_passes_1e_5_gate": true,
      "pallas_max_ms": 0.20712404511868954,
      "pallas_mean_ms": 0.20519900135695934,
      "pallas_min_ms": 0.20327395759522915,
      "pallas_p50_ms": 0.20519900135695934,
      "pallas_p95_ms": 0.20693154074251652,
      "pallas_repeat_ms": [
        0.20712404511868954,
        0.20327395759522915
      ],
      "pallas_warmup_ms": [
        0.20267395302653313
      ],
      "profiled_iterations": 3,
      "reference_local_math_comparison": {
        "output_max_abs": 0.0,
        "output_mse": 0.0,
        "state_max_abs": 0.0,
        "state_mse": 0.0,
        "valid_output_max_abs": 0.0,
        "valid_output_mse": 0.0
      },
      "reference_local_math_passes_1e_5_gate": true,
      "repeat_ms": [
        0.2225140342488885,
        0.2108049811795354
      ],
      "warmup_ms": [
        0.22797402925789356
      ]
    },
    "run_ms": 0.30459603294730186,
    "total_chunk_count": 4
  },
  "profile_counters": null,
  "run": {
    "issues": [],
    "profile_enabled": false,
    "profile_error": null,
    "profile_path": "/mountpoint/.exp/profiles/20260526-101237-2262259-gdn_prefill_cuda_fp32_one_piece_smoke",
    "profile_started": false,
    "run_id": "20260526-101237-2262259-gdn_prefill_cuda_fp32_one_piece_smoke",
    "run_label": "gdn_prefill_cuda_fp32_one_piece_smoke",
    "run_log_path": "/mountpoint/.exp/run_logs/run_journal.jsonl"
  },