{
  "elapsed_seconds": 24.278313196031377,
  "first_ordered_top5_mismatches": [
    {
      "hf_top_id_logit_max_abs_diff": 0.00746917724609375,
      "hf_top_ids": [
        440,
        11,
        321,
        13,
        303
      ],
      "hf_top_values": [
        24.218032836914062,
        20.845443725585938,
        20.48760223388672,
        19.3397216796875,
        17.105741500854492
      ],
      "jax_top_ids": [
        440,
        11,
        321,
        13,
        1472
      ],
      "jax_top_values": [
        24.219314575195312,
        20.84979820251465,
        20.490543365478516,
        19.347190856933594,
        17.10747528076172
      ],
      "prefix_len": 13,
      "ranked_logit_max_abs_diff": 0.00746917724609375,
      "same_top5_set": false,
      "step": 3
    },
    {
      "hf_top_id_logit_max_abs_diff": 0.005584716796875,
      "hf_top_ids": [
        6206,
        369,
        5392,
        4400,
        17454
      ],
      "hf_top_values": [
        17.347190856933594,
        17.342437744140625,
        17.265146255493164,
        17.046512603759766,
        16.674217224121094
      ],
      "jax_top_ids": [
        369,
        6206,
        5392,
        4400,
        17454
      ],
      "jax_top_values": [
        17.34195327758789,
        17.34160614013672,
        17.261882781982422,
        17.046802520751953,
        16.67015838623047
      ],
      "prefix_len": 18,
      "ranked_logit_max_abs_diff": 0.005237579345703125,
      "same_top5_set": true,
      "step": 8
    },
    {
      "hf_top_id_logit_max_abs_diff": 0.0024127960205078125,
      "hf_top_ids": [
        314,
        13,
        11,
        3611,
        271
      ],
      "hf_top_values": [
        29.1734676361084,
        21.914592742919922,
        18.94956398010254,
        18.946918487548828,
        18.892749786376953
      ],
      "jax_top_ids": [
        314,
        13,
        3611,
        11,
        271
      ],
      "jax_top_values": [
        29.17572784423828,
        21.913616180419922,
        18.948795318603516,
        18.94715118408203,
        18.893714904785156
      ],
      "prefix_len": 182,
      "ranked_logit_max_abs_diff": 0.0022602081298828125,
      "same_top5_set": true,
      "step": 172
    },
    {
      "hf_top_id_logit_max_abs_diff": 0.0013256072998046875,
      "hf_top_ids": [
        314,
        271,
        198,
        14791,
        1020
      ],
      "hf_top_values": [
        29.765621185302734,
        19.30323028564453,
        17.950448989868164,
        17.949729919433594,
        17.1678524017334
      ],
      "jax_top_ids": [
        314,
        271,
        14791,
        198,
        1020
      ],
      "jax_top_values": [
        29.765302658081055,
        19.30391502380371,
        17.95062255859375,
        17.94957160949707,
        17.169178009033203
      ],
      "prefix_len": 349,
      "ranked_logit_max_abs_diff": 0.0013256072998046875,
      "same_top5_set": true,
      "step": 339
    },
    {
      "hf_top_id_logit_max_abs_diff": 0.00388336181640625,
      "hf_top_ids": [
        668,
        271,
        9257,
        198,
        4686
      ],
      "hf_top_values": [
        29.253520965576172,
        20.476486206054688,
        17.615440368652344,
        17.034929275512695,
        17.03375244140625
      ],
      "jax_top_ids": [
        668,
        271,
        9257,
        4686,
        198
      ],
      "jax_top_values": [
        29.254127502441406,
        20.477500915527344,
        17.611557006835938,
        17.034868240356445,
        17.034378051757812
      ],
      "prefix_len": 457,
      "ranked_logit_max_abs_diff": 0.00388336181640625,
      "same_top5_set": true,
      "step": 447
    }
  ],
  "first_top1_mismatches": [
    {
      "hf_top_id": 6206,
      "hf_top_value": 17.347190856933594,
      "jax_top_id": 369,
      "jax_top_value": 17.34195327758789,
      "prefix_len": 18,
      "step": 8
    }
  ],
  "first_top5_set_mismatches": [
    {
      "hf_top_ids": [
        440,
        11,
        321,
        13,
        303
      ],
      "jax_top_ids": [
        440,
        11,
        321,
        13,
        1472
      ],
      "prefix_len": 13,
      "step": 3
    }
  ],
  "gdn_kernel_flags": {
    "packed_decode_impl": "off",
    "packed_decode_qkv_dtype": "fp32",
    "prefill_act_dtype": "fp32",
    "prefill_post_conv_impl": "triton_fla_prep_bf16",
    "prefill_post_conv_output_dtype": "fp32",
    "prefill_qkv_dtype": "fp32"
  },
  "git_head": "6dc2032",
  "guardrail": {
    "exact_generated_token_match": false,
    "max_hf_topk_id_logit_diff_lte": 2e-05,
    "max_hf_topk_id_logit_diff_within_gate": false,
    "ordered_top5_exact_match": false,
    "ordered_top5_exact_matches_required": 500,
    "passes_required_gate": false,
    "top1_exact_match": false,
    "top1_exact_matches_required": 500,
    "top5_set_exact_match": false,
    "top5_set_exact_matches_required": 500
  },
  "hf_reference": "results/qwen08_hf_bf16w_fp32act_long_decode_top5_500.npz",
  "jax_activation_dtype": "float32",
  "jax_backend": "gpu",
  "jax_version": "0.10.1",
  "jax_weight_dtype": "bfloat16",
  "max_hf_topk_id_logit_diff": 0.00746917724609375,
  "max_ranked_topk_logit_diff": 0.00746917724609375,
  "max_top1_abs_logit_diff_when_id_matches": 0.005584716796875,
  "model": "Qwen/Qwen3.5-0.8B",
  "ordered_top5_exact_matches": 495,
  "ordered_top5_mismatches": 5,
  "prompt": "The future of artificial intelligence is poised to revolutionize",
  "steps_checked": 500,
  "top1_exact_matches": 499,
  "top1_mismatches": 1,
  "top5_set_exact_matches": 499,
  "top5_set_mismatches": 1,
  "top_k": 5
}