{
  "elapsed_seconds": 18.049639386008494,
  "first_ordered_top5_mismatches": [
    {
      "hf_top_id_logit_max_abs_diff": 0.01480865478515625,
      "hf_top_ids": [
        279,
        1004,
        1439,
        411,
        3611
      ],
      "hf_top_values": [
        22.463417053222656,
        22.46243667602539,
        20.045412063598633,
        18.539705276489258,
        17.876779556274414
      ],
      "jax_top_ids": [
        1004,
        279,
        1439,
        411,
        3611
      ],
      "jax_top_values": [
        22.46147918701172,
        22.45978546142578,
        20.036235809326172,
        18.5248966217041,
        17.866756439208984
      ],
      "prefix_len": 78,
      "ranked_logit_max_abs_diff": 0.01480865478515625,
      "same_top5_set": true,
      "step": 68
    },
    {
      "hf_top_id_logit_max_abs_diff": 0.00469207763671875,
      "hf_top_ids": [
        760,
        15015,
        623,
        67776,
        1536
      ],
      "hf_top_values": [
        18.932071685791016,
        18.70762062072754,
        18.378021240234375,
        18.27459716796875,
        18.270301818847656
      ],
      "jax_top_ids": [
        760,
        15015,
        623,
        1536,
        67776
      ],
      "jax_top_values": [
        18.928613662719727,
        18.70292854309082,
        18.37665557861328,
        18.27118682861328,
        18.27095603942871
      ],
      "prefix_len": 118,
      "ranked_logit_max_abs_diff": 0.00469207763671875,
      "same_top5_set": true,
      "step": 108
    },
    {
      "hf_top_id_logit_max_abs_diff": 0.006237030029296875,
      "hf_top_ids": [
        4487,
        1083,
        1472,
        11784,
        494
      ],
      "hf_top_values": [
        25.390079498291016,
        23.543439865112305,
        21.956144332885742,
        21.608007431030273,
        21.607616424560547
      ],
      "jax_top_ids": [
        4487,
        1083,
        1472,
        494,
        11784
      ],
      "jax_top_values": [
        25.396316528320312,
        23.546714782714844,
        21.960649490356445,
        21.609779357910156,
        21.605487823486328
      ],
      "prefix_len": 141,
      "ranked_logit_max_abs_diff": 0.006237030029296875,
      "same_top5_set": true,
      "step": 131
    },
    {
      "hf_top_id_logit_max_abs_diff": 0.010265350341796875,
      "hf_top_ids": [
        314,
        13,
        11,
        3611,
        271
      ],
      "hf_top_values": [
        29.1734676361084,
        21.914592742919922,
        18.94956398010254,
        18.946918487548828,
        18.892749786376953
      ],
      "jax_top_ids": [
        314,
        13,
        3611,
        11,
        271
      ],
      "jax_top_values": [
        29.1632022857666,
        21.907733917236328,
        18.95427703857422,
        18.948284149169922,
        18.89081382751465
      ],
      "prefix_len": 182,
      "ranked_logit_max_abs_diff": 0.010265350341796875,
      "same_top5_set": true,
      "step": 172
    },
    {
      "hf_top_id_logit_max_abs_diff": 0.005161285400390625,
      "hf_top_ids": [
        5224,
        271,
        5269,
        5484,
        198
      ],
      "hf_top_values": [
        24.683395385742188,
        16.40660858154297,
        15.78935718536377,
        15.415299415588379,
        15.414305686950684
      ],
      "jax_top_ids": [
        5224,
        271,
        5269,
        198,
        5484
      ],
      "jax_top_values": [
        24.678234100341797,
        16.411331176757812,
        15.788837432861328,
        15.416577339172363,
        15.410465240478516
      ],
      "prefix_len": 233,
      "ranked_logit_max_abs_diff": 0.005161285400390625,
      "same_top5_set": true,
      "step": 223
    },
    {
      "hf_top_id_logit_max_abs_diff": 0.0038051605224609375,
      "hf_top_ids": [
        6481,
        4006,
        471,
        271,
        15752
      ],
      "hf_top_values": [
        28.423582077026367,
        19.155902862548828,
        18.851966857910156,
        18.58313751220703,
        18.399555206298828
      ],
      "jax_top_ids": [
        6481,
        4006,
        471,
        271,
        14791
      ],
      "jax_top_values": [
        28.427095413208008,
        19.152097702026367,
        18.851160049438477,
        18.58388328552246,
        18.406965255737305
      ],
      "prefix_len": 388,
      "ranked_logit_max_abs_diff": 0.0074100494384765625,
      "same_top5_set": false,
      "step": 378
    },
    {
      "hf_top_id_logit_max_abs_diff": 0.012386322021484375,
      "hf_top_ids": [
        567,
        271,
        1165,
        353,
        488
      ],
      "hf_top_values": [
        30.99761199951172,
        19.920673370361328,
        18.908876419067383,
        18.90801239013672,
        18.739959716796875
      ],
      "jax_top_ids": [
        567,
        271,
        353,
        1165,
        488
      ],
      "jax_top_values": [
        30.994943618774414,
        19.92764663696289,
        18.91750717163086,
        18.906307220458984,
        18.75234603881836
      ],
      "prefix_len": 411,
      "ranked_logit_max_abs_diff": 0.012386322021484375,
      "same_top5_set": true,
      "step": 401
    },
    {
      "hf_top_id_logit_max_abs_diff": 0.020463943481445312,
      "hf_top_ids": [
        668,
        271,
        9257,
        198,
        4686
      ],
      "hf_top_values": [
        29.253520965576172,
        20.476486206054688,
        17.615440368652344,
        17.034929275512695,
        17.03375244140625
      ],
      "jax_top_ids": [
        668,
        271,
        9257,
        4686,
        198
      ],
      "jax_top_values": [
        29.247377395629883,
        20.474159240722656,
        17.5949764251709,
        17.03360366821289,
        17.032394409179688
      ],
      "prefix_len": 457,
      "ranked_logit_max_abs_diff": 0.020463943481445312,
      "same_top5_set": true,
      "step": 447
    },
    {
      "hf_top_id_logit_max_abs_diff": 0.007852554321289062,
      "hf_top_ids": [
        6481,
        271,
        4006,
        471,
        14791
      ],
      "hf_top_values": [
        29.24810028076172,
        19.168010711669922,
        18.99517822265625,
        18.652027130126953,
        18.6430606842041
      ],
      "jax_top_ids": [
        6481,
        271,
        4006,
        14791,
        471
      ],
      "jax_top_values": [
        29.247879028320312,
        19.171934127807617,
        18.994691848754883,
        18.65091323852539,
        18.650428771972656
      ],
      "prefix_len": 490,
      "ranked_logit_max_abs_diff": 0.0073680877685546875,
      "same_top5_set": true,
      "step": 480
    }
  ],
  "first_top1_mismatches": [
    {
      "hf_top_id": 279,
      "hf_top_value": 22.463417053222656,
      "jax_top_id": 1004,
      "jax_top_value": 22.46147918701172,
      "prefix_len": 78,
      "step": 68
    }
  ],
  "first_top5_set_mismatches": [
    {
      "hf_top_ids": [
        6481,
        4006,
        471,
        271,
        15752
      ],
      "jax_top_ids": [
        6481,
        4006,
        471,
        271,
        14791
      ],
      "prefix_len": 388,
      "step": 378
    }
  ],
  "gdn_kernel_flags": {
    "packed_decode_impl": "cuda_fp32",
    "packed_decode_qkv_dtype": "bf16",
    "prefill_act_dtype": "fp32",
    "prefill_post_conv_impl": "off",
    "prefill_post_conv_output_dtype": "fp32",
    "prefill_qkv_dtype": "fp32"
  },
  "git_head": "6dc2032",
  "guardrail": {
    "exact_generated_token_match": false,
    "max_hf_topk_id_logit_diff_lte": 2e-05,
    "max_hf_topk_id_logit_diff_within_gate": false,
    "ordered_top5_exact_match": false,
    "ordered_top5_exact_matches_required": 500,
    "passes_required_gate": false,
    "top1_exact_match": false,
    "top1_exact_matches_required": 500,
    "top5_set_exact_match": false,
    "top5_set_exact_matches_required": 500
  },