{
  "elapsed_seconds": 19.064734752988443,
  "first_ordered_top5_mismatches": [
    {
      "hf_top_id_logit_max_abs_diff": 0.011775970458984375,
      "hf_top_ids": [
        279,
        1004,
        1439,
        411,
        3611
      ],
      "hf_top_values": [
        22.463417053222656,
        22.46243667602539,
        20.045412063598633,
        18.539705276489258,
        17.876779556274414
      ],
      "jax_top_ids": [
        1004,
        279,
        1439,
        411,
        3611
      ],
      "jax_top_values": [
        22.4623966217041,
        22.461458206176758,
        20.03463363647461,
        18.527929306030273,
        17.867332458496094
      ],
      "prefix_len": 78,
      "ranked_logit_max_abs_diff": 0.011775970458984375,
      "same_top5_set": true,
      "step": 68
    },
    {
      "hf_top_id_logit_max_abs_diff": 0.00772857666015625,
      "hf_top_ids": [
        4487,
        1083,
        1472,
        11784,
        494
      ],
      "hf_top_values": [
        25.390079498291016,
        23.543439865112305,
        21.956144332885742,
        21.608007431030273,
        21.607616424560547
      ],
      "jax_top_ids": [
        4487,
        1083,
        1472,
        494,
        11784
      ],
      "jax_top_values": [
        25.397808074951172,
        23.546340942382812,
        21.961387634277344,
        21.606647491455078,
        21.60474395751953
      ],
      "prefix_len": 141,
      "ranked_logit_max_abs_diff": 0.00772857666015625,
      "same_top5_set": true,
      "step": 131
    },
    {
      "hf_top_id_logit_max_abs_diff": 0.008504867553710938,
      "hf_top_ids": [
        314,
        13,
        11,
        3611,
        271
      ],
      "hf_top_values": [
        29.1734676361084,
        21.914592742919922,
        18.94956398010254,
        18.946918487548828,
        18.892749786376953
      ],
      "jax_top_ids": [
        314,
        13,
        3611,
        11,
        271
      ],
      "jax_top_values": [
        29.16672134399414,
        21.910945892333984,
        18.95542335510254,
        18.95077896118164,
        18.89014434814453
      ],
      "prefix_len": 182,
      "ranked_logit_max_abs_diff": 0.0067462921142578125,
      "same_top5_set": true,
      "step": 172
    },
    {
      "hf_top_id_logit_max_abs_diff": 0.008961677551269531,
      "hf_top_ids": [
        5224,
        271,
        5269,
        5484,
        198
      ],
      "hf_top_values": [
        24.683395385742188,
        16.40660858154297,
        15.78935718536377,
        15.415299415588379,
        15.414305686950684
      ],
      "jax_top_ids": [
        5224,
        271,
        5269,
        198,
        5484
      ],
      "jax_top_values": [
        24.682519912719727,
        16.415325164794922,
        15.790264129638672,
        15.423267364501953,
        15.407103538513184
      ],
      "prefix_len": 233,
      "ranked_logit_max_abs_diff": 0.008716583251953125,
      "same_top5_set": true,
      "step": 223
    },
    {
      "hf_top_id_logit_max_abs_diff": 0.005451202392578125,
      "hf_top_ids": [
        6481,
        4006,
        471,
        271,
        15752
      ],
      "hf_top_values": [
        28.423582077026367,
        19.155902862548828,
        18.851966857910156,
        18.58313751220703,
        18.399555206298828
      ],
      "jax_top_ids": [
        6481,
        4006,
        471,
        271,
        14791
      ],
      "jax_top_values": [
        28.423049926757812,
        19.15045166015625,
        18.85087013244629,
        18.582616806030273,
        18.40810203552246
      ],
      "prefix_len": 388,
      "ranked_logit_max_abs_diff": 0.008546829223632812,
      "same_top5_set": false,
      "step": 378
    },
    {
      "hf_top_id_logit_max_abs_diff": 0.009557723999023438,
      "hf_top_ids": [
        567,
        271,
        1165,
        353,
        488
      ],
      "hf_top_values": [
        30.99761199951172,
        19.920673370361328,
        18.908876419067383,
        18.90801239013672,
        18.739959716796875
      ],
      "jax_top_ids": [
        567,
        271,
        353,
        1165,
        488
      ],
      "jax_top_values": [
        30.990966796875,
        19.92565155029297,
        18.917570114135742,
        18.906158447265625,
        18.74402618408203
      ],
      "prefix_len": 411,
      "ranked_logit_max_abs_diff": 0.008693695068359375,
      "same_top5_set": true,
      "step": 401
    },
    {
      "hf_top_id_logit_max_abs_diff": 0.010860443115234375,
      "hf_top_ids": [
        668,
        271,
        9257,
        198,
        4686
      ],
      "hf_top_values": [
        29.253520965576172,
        20.476486206054688,
        17.615440368652344,
        17.034929275512695,
        17.03375244140625
      ],
      "jax_top_ids": [
        668,
        271,
        9257,
        4686,
        198
      ],
      "jax_top_values": [
        29.249801635742188,
        20.475467681884766,
        17.60457992553711,
        17.03331184387207,
        17.031200408935547
      ],
      "prefix_len": 457,
      "ranked_logit_max_abs_diff": 0.010860443115234375,
      "same_top5_set": true,
      "step": 447
    },
    {
      "hf_top_id_logit_max_abs_diff": 0.0063724517822265625,
      "hf_top_ids": [
        6481,
        271,
        4006,
        471,
        14791
      ],
      "hf_top_values": [
        29.24810028076172,
        19.168010711669922,
        18.99517822265625,
        18.652027130126953,
        18.6430606842041
      ],
      "jax_top_ids": [
        6481,
        271,
        4006,
        14791,
        471
      ],
      "jax_top_values": [
        29.246047973632812,
        19.170513153076172,
        18.99355697631836,
        18.649433135986328,
        18.64786148071289
      ],
      "prefix_len": 490,
      "ranked_logit_max_abs_diff": 0.0048007965087890625,
      "same_top5_set": true,
      "step": 480
    }
  ],
  "first_top1_mismatches": [
    {
      "hf_top_id": 279,
      "hf_top_value": 22.463417053222656,
      "jax_top_id": 1004,
      "jax_top_value": 22.4623966217041,
      "prefix_len": 78,
      "step": 68
    }
  ],
  "first_top5_set_mismatches": [
    {
      "hf_top_ids": [
        6481,
        4006,
        471,
        271,
        15752
      ],
      "jax_top_ids": [
        6481,
        4006,
        471,
        271,
        14791
      ],
      "prefix_len": 388,
      "step": 378
    }
  ],
  "gdn_kernel_flags": {
    "packed_decode_impl": "triton_fla",
    "packed_decode_qkv_dtype": "bf16",
    "prefill_act_dtype": "fp32",
    "prefill_post_conv_impl": "off",
    "prefill_post_conv_output_dtype": "fp32",
    "prefill_qkv_dtype": "fp32"
  },
  "git_head": "6dc2032",
  "guardrail": {
    "exact_generated_token_match": false,
    "max_hf_topk_id_logit_diff_lte": 2e-05,
    "max_hf_topk_id_logit_diff_within_gate": false,
    "ordered_top5_exact_match": false,
    "ordered_top5_exact_matches_required": 500,
    "passes_required_gate": false,
    "top1_exact_match": false,
    "top1_exact_matches_required": 500,
    "top5_set_exact_match": false,
    "top5_set_exact_matches_required": 500
  },
  "hf_reference": "results/qwen08_hf_bf16w_fp32act_long_decode_top5_500.npz",
  "jax_activation_dtype": "float32",
  "jax_backend": "gpu",
  "jax_version": "0.10.1",
  "jax_weight_dtype": "bfloat16",
  "max_hf_topk_id_logit_diff": 0.029939651489257812,
  "max_ranked_topk_logit_diff": 0.029939651489257812,
  "max_top1_abs_logit_diff_when_id_matches": 0.020437240600585938,
  "model": "Qwen/Qwen3.5-0.8B",
  "ordered_top5_exact_matches": 492,
  "ordered_top5_mismatches": 8,
  "prompt": "The future of artificial intelligence is poised to revolutionize",
  "steps_checked": 500,
  "top1_exact_matches": 499,
  "top1_mismatches": 1,
  "top5_set_exact_matches": 499,
  "top5_set_mismatches": 1,
  "top_k": 5
}