{
  "elapsed_seconds": 18.93807143694721,
  "first_ordered_top5_mismatches": [
    {
      "hf_top_id_logit_max_abs_diff": 0.010265350341796875,
      "hf_top_ids": [
        279,
        1004,
        1439,
        411,
        3611
      ],
      "hf_top_values": [
        22.463417053222656,
        22.46243667602539,
        20.045412063598633,
        18.539705276489258,
        17.876779556274414
      ],
      "jax_top_ids": [
        1004,
        279,
        1439,
        411,
        3611
      ],
      "jax_top_values": [
        22.464027404785156,
        22.458017349243164,
        20.038394927978516,
        18.52943992614746,
        17.872333526611328
      ],
      "prefix_len": 78,
      "ranked_logit_max_abs_diff": 0.010265350341796875,
      "same_top5_set": true,
      "step": 68
    },
    {
      "hf_top_id_logit_max_abs_diff": 0.007946014404296875,
      "hf_top_ids": [
        4487,
        1083,
        1472,
        11784,
        494
      ],
      "hf_top_values": [
        25.390079498291016,
        23.543439865112305,
        21.956144332885742,
        21.608007431030273,
        21.607616424560547
      ],
      "jax_top_ids": [
        4487,
        1083,
        1472,
        494,
        11784
      ],
      "jax_top_values": [
        25.398025512695312,
        23.545183181762695,
        21.959802627563477,
        21.609018325805664,
        21.60441017150879
      ],
      "prefix_len": 141,
      "ranked_logit_max_abs_diff": 0.007946014404296875,
      "same_top5_set": true,
      "step": 131
    },
    {
      "hf_top_id_logit_max_abs_diff": 0.006716728210449219,
      "hf_top_ids": [
        5224,
        271,
        5269,
        5484,
        198
      ],
      "hf_top_values": [
        24.683395385742188,
        16.40660858154297,
        15.78935718536377,
        15.415299415588379,
        15.414305686950684
      ],
      "jax_top_ids": [
        5224,
        271,
        5269,
        198,
        5484
      ],
      "jax_top_values": [
        24.680360794067383,
        16.41271209716797,
        15.791007041931152,
        15.41971206665039,
        15.40858268737793
      ],
      "prefix_len": 233,
      "ranked_logit_max_abs_diff": 0.006103515625,
      "same_top5_set": true,
      "step": 223
    },
    {
      "hf_top_id_logit_max_abs_diff": 0.009487152099609375,
      "hf_top_ids": [
        6481,
        4006,
        471,
        271,
        15752
      ],
      "hf_top_values": [
        28.423582077026367,
        19.155902862548828,
        18.851966857910156,
        18.58313751220703,
        18.399555206298828
      ],
      "jax_top_ids": [
        6481,
        4006,
        471,
        271,
        14791
      ],
      "jax_top_values": [
        28.429471969604492,
        19.156295776367188,
        18.852752685546875,
        18.587093353271484,
        18.40854835510254
      ],
      "prefix_len": 388,
      "ranked_logit_max_abs_diff": 0.008993148803710938,
      "same_top5_set": false,
      "step": 378
    },
    {
      "hf_top_id_logit_max_abs_diff": 0.0056476593017578125,
      "hf_top_ids": [
        567,
        271,
        1165,
        353,
        488
      ],
      "hf_top_values": [
        30.99761199951172,
        19.920673370361328,
        18.908876419067383,
        18.90801239013672,
        18.739959716796875
      ],
      "jax_top_ids": [
        567,
        271,
        353,
        1165,
        488
      ],
      "jax_top_values": [
        30.99196434020996,
        19.926118850708008,
        18.912342071533203,
        18.904190063476562,
        18.744951248168945
      ],
      "prefix_len": 411,
      "ranked_logit_max_abs_diff": 0.0056476593017578125,
      "same_top5_set": true,
      "step": 401
    },
    {
      "hf_top_id_logit_max_abs_diff": 0.017871856689453125,
      "hf_top_ids": [
        668,
        271,
        9257,
        198,
        4686
      ],
      "hf_top_values": [
        29.253520965576172,
        20.476486206054688,
        17.615440368652344,
        17.034929275512695,
        17.03375244140625
      ],
      "jax_top_ids": [
        668,
        271,
        9257,
        4686,
        198
      ],
      "jax_top_values": [
        29.25057601928711,
        20.47641372680664,
        17.59756851196289,
        17.03561019897461,
        17.034292221069336
      ],
      "prefix_len": 457,
      "ranked_logit_max_abs_diff": 0.017871856689453125,
      "same_top5_set": true,
      "step": 447
    },
    {
      "hf_top_id_logit_max_abs_diff": 0.008260726928710938,
      "hf_top_ids": [
        6481,
        271,
        4006,
        471,
        14791
      ],
      "hf_top_values": [
        29.24810028076172,
        19.168010711669922,
        18.99517822265625,
        18.652027130126953,
        18.6430606842041
      ],
      "jax_top_ids": [
        6481,
        271,
        4006,
        14791,
        471
      ],
      "jax_top_values": [
        29.24747085571289,
        19.174619674682617,
        18.994789123535156,
        18.651321411132812,
        18.648517608642578
      ],
      "prefix_len": 490,
      "ranked_logit_max_abs_diff": 0.0066089630126953125,
      "same_top5_set": true,
      "step": 480
    }
  ],
  "first_top1_mismatches": [
    {
      "hf_top_id": 279,
      "hf_top_value": 22.463417053222656,
      "jax_top_id": 1004,
      "jax_top_value": 22.464027404785156,
      "prefix_len": 78,
      "step": 68
    }
  ],
  "first_top5_set_mismatches": [
    {
      "hf_top_ids": [
        6481,
        4006,
        471,
        271,
        15752
      ],
      "jax_top_ids": [
        6481,
        4006,
        471,
        271,
        14791
      ],
      "prefix_len": 388,
      "step": 378
    }
  ],
  "gdn_kernel_flags": {
    "packed_decode_impl": "triton_fla",
    "packed_decode_qkv_dtype": "bf16",
    "prefill_act_dtype": "fp32",
    "prefill_post_conv_impl": "off",
    "prefill_post_conv_output_dtype": "fp32",
    "prefill_qkv_dtype": "fp32"
  },
  "git_head": "6dc2032",
  "guardrail": {
    "exact_generated_token_match": false,
    "max_hf_topk_id_logit_diff_lte": 2e-05,
    "max_hf_topk_id_logit_diff_within_gate": false,
    "ordered_top5_exact_match": false,
    "ordered_top5_exact_matches_required": 500,
    "passes_required_gate": false,
    "top1_exact_match": false,
    "top1_exact_matches_required": 500,
    "top5_set_exact_match": false,
    "top5_set_exact_matches_required": 500
  },
  "hf_reference": "results/qwen08_hf_bf16w_fp32act_long_decode_top5_500.npz",
  "jax_activation_dtype": "float32",
  "jax_backend": "gpu",
  "jax_version": "0.10.1",
  "jax_weight_dtype": "bfloat16",
  "max_hf_topk_id_logit_diff": 0.029291152954101562,
  "max_ranked_topk_logit_diff": 0.029291152954101562,
  "max_top1_abs_logit_diff_when_id_matches": 0.0228729248046875,
  "model": "Qwen/Qwen3.5-0.8B",
  "ordered_top5_exact_matches": 493,
  "ordered_top5_mismatches": 7,
  "prompt": "The future of artificial intelligence is poised to revolutionize",
  "steps_checked": 500,
  "top1_exact_matches": 499,
  "top1_mismatches": 1,
  "top5_set_exact_matches": 499,
  "top5_set_mismatches": 1,
  "top_k": 5
}