{
  "elapsed_seconds": 39.7901753699407,
  "first_ordered_top5_mismatches": [
    {
      "hf_top_id_logit_max_abs_diff": 0.009693145751953125,
      "hf_top_ids": [
        6206,
        369,
        5392,
        4400,
        17454
      ],
      "hf_top_values": [
        17.347190856933594,
        17.342437744140625,
        17.265146255493164,
        17.046512603759766,
        16.674217224121094
      ],
      "jax_top_ids": [
        369,
        6206,
        5392,
        4400,
        17454
      ],
      "jax_top_values": [
        17.342750549316406,
        17.33749771118164,
        17.26496124267578,
        17.04666519165039,
        16.668045043945312
      ],
      "prefix_len": 18,
      "ranked_logit_max_abs_diff": 0.00617218017578125,
      "same_top5_set": true,
      "step": 8
    },
    {
      "hf_top_id_logit_max_abs_diff": 0.007511138916015625,
      "hf_top_ids": [
        279,
        1004,
        1439,
        411,
        3611
      ],
      "hf_top_values": [
        22.463417053222656,
        22.46243667602539,
        20.045412063598633,
        18.539705276489258,
        17.876779556274414
      ],
      "jax_top_ids": [
        1004,
        279,
        1439,
        411,
        3611
      ],
      "jax_top_values": [
        22.4619197845459,
        22.461750030517578,
        20.038639068603516,
        18.532194137573242,
        17.871875762939453
      ],
      "prefix_len": 78,
      "ranked_logit_max_abs_diff": 0.007511138916015625,
      "same_top5_set": true,
      "step": 68
    },
    {
      "hf_top_id_logit_max_abs_diff": 0.0053310394287109375,
      "hf_top_ids": [
        12140,
        14955,
        3725,
        41262,
        35990
      ],
      "hf_top_values": [
        18.272424697875977,
        17.438737869262695,
        16.8868350982666,
        16.00638198852539,
        15.764307022094727
      ],
      "jax_top_ids": [
        12140,
        14955,
        3725,
        41262,
        3364
      ],
      "jax_top_values": [
        18.267093658447266,
        17.438276290893555,
        16.884727478027344,
        16.004173278808594,
        15.765008926391602
      ],
      "prefix_len": 119,
      "ranked_logit_max_abs_diff": 0.0053310394287109375,
      "same_top5_set": false,
      "step": 109
    },
    {
      "hf_top_id_logit_max_abs_diff": 0.004253387451171875,
      "hf_top_ids": [
        6481,
        4006,
        471,
        271,
        15752
      ],
      "hf_top_values": [
        28.423582077026367,
        19.155902862548828,
        18.851966857910156,
        18.58313751220703,
        18.399555206298828
      ],
      "jax_top_ids": [
        6481,
        4006,
        471,
        271,
        14791
      ],
      "jax_top_values": [
        28.425701141357422,
        19.15859031677246,
        18.854339599609375,
        18.587331771850586,
        18.39820671081543
      ],
      "prefix_len": 388,
      "ranked_logit_max_abs_diff": 0.0041942596435546875,
      "same_top5_set": false,
      "step": 378
    }
  ],
  "first_top1_mismatches": [
    {
      "hf_top_id": 6206,
      "hf_top_value": 17.347190856933594,
      "jax_top_id": 369,
      "jax_top_value": 17.342750549316406,
      "prefix_len": 18,
      "step": 8
    },
    {
      "hf_top_id": 279,
      "hf_top_value": 22.463417053222656,
      "jax_top_id": 1004,
      "jax_top_value": 22.4619197845459,
      "prefix_len": 78,
      "step": 68
    }
  ],
  "first_top5_set_mismatches": [
    {
      "hf_top_ids": [
        12140,
        14955,
        3725,
        41262,
        35990
      ],
      "jax_top_ids": [
        12140,
        14955,
        3725,
        41262,
        3364
      ],
      "prefix_len": 119,
      "step": 109
    },
    {
      "hf_top_ids": [
        6481,
        4006,
        471,
        271,
        15752
      ],
      "jax_top_ids": [
        6481,
        4006,
        471,
        271,
        14791
      ],
      "prefix_len": 388,
      "step": 378
    }
  ],
  "gdn_kernel_flags": {
    "packed_decode_impl": "off",
    "packed_decode_qkv_dtype": "fp32",
    "prefill_act_dtype": "fp32",
    "prefill_post_conv_impl": "triton_fla_prep_bf16",
    "prefill_post_conv_output_dtype": "fp32",
    "prefill_qkv_dtype": "fp32"
  },
  "git_head": "6dc2032",
  "guardrail": {
    "exact_generated_token_match": false,
    "max_hf_topk_id_logit_diff_lte": 2e-05,
    "max_hf_topk_id_logit_diff_within_gate": false,
    "ordered_top5_exact_match": false,
    "ordered_top5_exact_matches_required": 500,
    "passes_required_gate": false,
    "top1_exact_match": false,
    "top1_exact_matches_required": 500,
    "top5_set_exact_match": false,
    "top5_set_exact_matches_required": 500
  },
  "hf_reference": "results/qwen08_hf_bf16w_fp32act_long_decode_top5_500.npz",
  "jax_activation_dtype": "float32",
  "jax_backend": "gpu",
  "jax_version": "0.10.1",
  "jax_weight_dtype": "bfloat16",
  "max_hf_topk_id_logit_diff": 0.012384414672851562,
  "max_ranked_topk_logit_diff": 0.012384414672851562,
  "max_top1_abs_logit_diff_when_id_matches": 0.0105743408203125,
  "model": "Qwen/Qwen3.5-0.8B",
  "ordered_top5_exact_matches": 496,
  "ordered_top5_mismatches": 4,
  "prompt": "The future of artificial intelligence is poised to revolutionize",
  "steps_checked": 500,
  "top1_exact_matches": 498,
  "top1_mismatches": 2,
  "top5_set_exact_matches": 498,
  "top5_set_mismatches": 2,
  "top_k": 5
}