{
  "environment": {
    "NANO_VLLM_JAX_CACHE_ROOT": "/mountpoint/.exp",
    "HF_HOME": "/mountpoint/.exp/.cache/huggingface",
    "TRANSFORMERS_CACHE": "/mountpoint/.exp/.cache/huggingface",
    "XDG_CACHE_HOME": "/mountpoint/.exp/.cache",
    "JAX_PLATFORMS": "cuda",
    "jax_devices": [
      "cuda:0"
    ],
    "torch_cuda_available": true,
    "torch_device": "NVIDIA A10G"
  },
  "model": "Qwen/Qwen3.5-0.8B",
  "config_dtype": "bfloat16",
  "layer_idx": 0,
  "token_lengths": [
    64,
    512
  ],
  "run_triton": true,
  "command": "microbench_vllm_fla_gdn_real_activation.py",
  "cases": [
    {
      "name": "64tok",
      "token_len": 64,
      "layer_idx": 0,
      "vllm": {
        "timing_ms": {
          "count": 5,
          "mean_ms": 1.8384512186050415,
          "p50_ms": 1.872704029083252,
          "p95_ms": 1.882739210128784,
          "min_ms": 1.7785600423812866,
          "max_ms": 1.8844799995422363
        },
        "tokens_per_s": 34811.91089125616
      },
      "jax_reference": {
        "timing_ms": {
          "count": 5,
          "mean_ms": 323.27802581712604,
          "p50_ms": 323.0254799127579,
          "p95_ms": 327.8799603693187,
          "min_ms": 319.55007603392005,
          "max_ms": 328.42892594635487
        },
        "tokens_per_s": 197.97200826821407,
        "max_abs_diff_vs_vllm_out": 0.0027020052075386047,
        "mean_abs_diff_vs_vllm_out": 3.4976808365172474e-06,
        "rms_diff_vs_vllm_out": 2.2528696717927232e-05,
        "max_abs_diff_vs_vllm_state": 0.031970977783203125,
        "mean_abs_diff_vs_vllm_state": 1.8813721908372827e-05,
        "rms_diff_vs_vllm_state": 0.0001743712928146124
      },
      "jax_triton": {
        "status": "ok",
        "timing_ms": {
          "count": 5,
          "mean_ms": 23.812536662444472,
          "p50_ms": 23.803857155144215,
          "p95_ms": 24.01964101009071,
          "min_ms": 23.651913041248918,
          "max_ms": 24.0706920158118
        },
        "tokens_per_s": 2687.659903992357,
        "max_abs_diff_vs_vllm_out": 0.002460937947034836,
        "mean_abs_diff_vs_vllm_out": 3.0363146379386308e-06,
        "rms_diff_vs_vllm_out": 1.9759709175559692e-05,
        "max_abs_diff_vs_vllm_state": 0.029912322759628296,
        "mean_abs_diff_vs_vllm_state": 1.9277867977507412e-05,
        "rms_diff_vs_vllm_state": 0.00017877640493679792
      }
    },
    {
      "name": "512tok",
      "token_len": 512,
      "layer_idx": 0,
      "vllm": {
        "timing_ms": {
          "count": 5,
          "mean_ms": 2.135820770263672,
          "p50_ms": 2.1383039951324463,
          "p95_ms": 2.1923328399658204,
          "min_ms": 2.0959999561309814,
          "max_ms": 2.2055680751800537
        },
        "tokens_per_s": 239720.4892509742
      },
      "jax_reference": {
        "timing_ms": {
          "count": 5,
          "mean_ms": 2760.6943449471146,
          "p50_ms": 2758.8640940375626,
          "p95_ms": 2778.1866940204054,
          "min_ms": 2749.0315039176494,
          "max_ms": 2782.0318080484867
        },
        "tokens_per_s": 185.46058926701215,
        "max_abs_diff_vs_vllm_out": 5.21795654296875,
        "mean_abs_diff_vs_vllm_out": 0.0003220988728571683,
        "rms_diff_vs_vllm_out": 0.013914520852267742,
        "max_abs_diff_vs_vllm_state": 34.56756591796875,
        "mean_abs_diff_vs_vllm_state": 0.009581528604030609,
        "rms_diff_vs_vllm_state": 0.18167437613010406
      },
      "jax_triton": {
        "status": "ok",
        "timing_ms": {
          "count": 5,
          "mean_ms": 36.01804142817855,
          "p50_ms": 35.91464692726731,
          "p95_ms": 36.54573909007013,
          "min_ms": 35.659631015732884,
          "max_ms": 36.632093135267496
        },
        "tokens_per_s": 14215.098314575183,
        "max_abs_diff_vs_vllm_out": 5.7153425216674805,
        "mean_abs_diff_vs_vllm_out": 0.00029850308783352375,
        "rms_diff_vs_vllm_out": 0.014113661833107471,
        "max_abs_diff_vs_vllm_state": 36.38154602050781,
        "mean_abs_diff_vs_vllm_state": 0.009851996786892414,
        "rms_diff_vs_vllm_state": 0.189673513174057
      }
    }
  ],
  "result": {
    "jnp_backend": "cuda:0"
  }
}
