{
  "date_utc": "2026-05-28",
  "model": "Qwen/Qwen3.5-0.8B",
  "lengths": [
    128,
    256,
    512
  ],
  "chunk_size": 64,
  "results": [
    {
      "length": 128,
      "inverse_diff": {
        "jax_ref_vs_vllm": {
          "max_abs": 0.11207771301269531,
          "mean_abs": 0.00012018690904369578,
          "nan_count": 32768
        },
        "vllm_like_vs_vllm": {
          "max_abs": 0.000244140625,
          "mean_abs": 3.739842213690281e-09,
          "nan_count": 0
        }
      },
      "downstream_diff": {
        "ref_vs_vllm": {
          "out": {
            "max_abs": 0.006262302398681641,
            "mean_abs": 6.1668347370869014e-06,
            "nan_count": 65536
          },
          "state": {
            "max_abs": 0.07232451438903809,
            "mean_abs": 4.7869554691715166e-05,
            "nan_count": 65536
          }
        },
        "vllm_like_vs_vllm": {
          "out": {
            "max_abs": 0.001709137111902237,
            "mean_abs": 3.6210531106917188e-06,
            "nan_count": 31872
          },
          "state": {
            "max_abs": 0.01854550838470459,
            "mean_abs": 1.8196664314018562e-05,
            "nan_count": 0
          }
        },
        "vllm_like_vs_ref": {
          "out": {
            "max_abs": 0.006873652338981628,
            "mean_abs": 3.151434839310241e-06,
            "nan_count": 65536
          },
          "state": {
            "max_abs": 0.06438925862312317,
            "mean_abs": 3.0607850931119174e-05,
            "nan_count": 65536
          }
        }
      }
    },
    {
      "length": 256,
      "inverse_diff": {
        "jax_ref_vs_vllm": {
          "max_abs": 0.11207771301269531,
          "mean_abs": 0.00011978275870205835,
          "nan_count": 65536
        },
        "vllm_like_vs_vllm": {
          "max_abs": 0.000244140625,
          "mean_abs": 4.678469167629373e-09,
          "nan_count": 0
        }
      },
      "downstream_diff": {
        "ref_vs_vllm": {
          "out": {
            "max_abs": 0.04627549648284912,
            "mean_abs": 1.528541906736791e-05,
            "nan_count": 131072
          },
          "state": {
            "max_abs": 0.7822480201721191,
            "mean_abs": 0.0002580411091912538,
            "nan_count": 65536
          }
        },
        "vllm_like_vs_vllm": {
          "out": {
            "max_abs": 0.010327932424843311,
            "mean_abs": 6.3925745052983984e-06,
            "nan_count": 63744
          },
          "state": {
            "max_abs": 0.13742542266845703,
            "mean_abs": 5.073950160294771e-05,
            "nan_count": 0
          }
        },
        "vllm_like_vs_ref": {
          "out": {
            "max_abs": 0.054099321365356445,
            "mean_abs": 1.2693300959654152e-05,
            "nan_count": 131072
          },
          "state": {
            "max_abs": 0.9196734428405762,
            "mean_abs": 0.00025583565002307296,
            "nan_count": 65536
          }
        }
      }
    },
    {
      "length": 512,
      "inverse_diff": {
        "jax_ref_vs_vllm": {
          "max_abs": 0.11207771301269531,
          "mean_abs": 0.00011930160690099001,
          "nan_count": 131072
        },
        "vllm_like_vs_vllm": {
          "max_abs": 0.000244140625,
          "mean_abs": 4.9185899797521415e-09,
          "nan_count": 0
        }
      },
      "downstream_diff": {
        "ref_vs_vllm": {
          "out": {
            "max_abs": 5.21795654296875,
            "mean_abs": 0.0003772183263208717,
            "nan_count": 262144
          },
          "state": {
            "max_abs": 34.56756591796875,
            "mean_abs": 0.012774839997291565,
            "nan_count": 65536
          }
        },
        "vllm_like_vs_vllm": {
          "out": {
            "max_abs": 0.6890759468078613,
            "mean_abs": 5.089803016744554e-05,
            "nan_count": 127232
          },
          "state": {
            "max_abs": 5.0073394775390625,
            "mean_abs": 0.001463035005144775,
            "nan_count": 0
          }
        },
        "vllm_like_vs_ref": {
          "out": {
            "max_abs": 5.817065238952637,
            "mean_abs": 0.0003966142248827964,
            "nan_count": 262144
          },
          "state": {
            "max_abs": 37.02995300292969,
            "mean_abs": 0.013205323368310928,
            "nan_count": 65536
          }
        }
      }
    }
  ]
}
