{
  "date_utc": "2026-05-28",
  "model": "Qwen/Qwen3.5-0.8B",
  "chunk_size": 64,
  "lengths": [
    128,
    256,
    512
  ],
  "results": [
    {
      "length": 128,
      "solve_deltas": {
        "Ai_vllm_bf16_vs_jax": {
          "max_abs": 0.11207771301269531,
          "mean_abs": 9.150958067039028e-05,
          "nan_count": 0
        },
        "Ai_vllm_fp32_vs_jax": {
          "max_abs": 0.08560657501220703,
          "mean_abs": 8.074123616097495e-05,
          "nan_count": 0
        },
        "Ai_vllm_bf16_vs_vllm_fp32": {
          "max_abs": 0.03119182586669922,
          "mean_abs": 4.7211833589244634e-05,
          "nan_count": 0
        },
        "Ai_jax_solve_on_vllm_A_vs_jax_A": {
          "max_abs": 0.08558845520019531,
          "mean_abs": 8.074019569903612e-05,
          "nan_count": 0
        }
      },
      "chain_metrics": {
        "full_jax": {
          "vs_full_jax": {
            "out": {
              "max_abs": 0.0,
              "mean_abs": 0.0,
              "nan_count": 31872
            },
            "state": {
              "max_abs": 0.0,
              "mean_abs": 0.0,
              "nan_count": 0
            }
          },
          "vs_full_vllm": {
            "out": {
              "max_abs": 0.006262302398681641,
              "mean_abs": 5.3825410759600345e-06,
              "nan_count": 31872
            },
            "state": {
              "max_abs": 0.07232451438903809,
              "mean_abs": 3.619970811996609e-05,
              "nan_count": 0
            }
          }
        },
        "full_vllm": {
          "vs_full_jax": {
            "out": {
              "max_abs": 0.006262302398681641,
              "mean_abs": 5.3825410759600345e-06,
              "nan_count": 31872
            },
            "state": {
              "max_abs": 0.07232451438903809,
              "mean_abs": 3.619970811996609e-05,
              "nan_count": 0
            }
          },
          "vs_full_vllm": {
            "out": {
              "max_abs": 0.0,
              "mean_abs": 0.0,
              "nan_count": 0
            },
            "state": {
              "max_abs": 0.0,
              "mean_abs": 0.0,
              "nan_count": 0
            }
          }
        },
        "vllm_A_jax_solve_vllm_downstream": {
          "vs_full_jax": {
            "out": {
              "max_abs": 0.01033926010131836,
              "mean_abs": 5.150011929799803e-06,
              "nan_count": 31872
            },
            "state": {
              "max_abs": 0.17143821716308594,
              "mean_abs": 4.30488507845439e-05,
              "nan_count": 0
            }
          },
          "vs_full_vllm": {
            "out": {
              "max_abs": 0.0166015625,
              "mean_abs": 4.277666448615491e-06,
              "nan_count": 0
            },
            "state": {
              "max_abs": 0.23206496238708496,
              "mean_abs": 5.002912803320214e-05,
              "nan_count": 0
            }
          }
        },
        "jax_A_vllm_solve_jax_downstream": {
          "vs_full_jax": {
            "out": {
              "max_abs": 0.00686238706111908,
              "mean_abs": 2.7358685201761546e-06,
              "nan_count": 31872
            },
            "state": {
              "max_abs": 0.06441310048103333,
              "mean_abs": 2.2974843886913732e-05,
              "nan_count": 0
            }
          },
          "vs_full_vllm": {
            "out": {
              "max_abs": 0.001709137111902237,
              "mean_abs": 3.622220901888795e-06,
              "nan_count": 31872
            },
            "state": {
              "max_abs": 0.018907904624938965,
              "mean_abs": 1.8194925360148773e-05,
              "nan_count": 0
            }
          }
        },
        "jax_downstream_jax_solve_of_vllm_A": {
          "vs_full_jax": {
            "out": {
              "max_abs": 0.0035726651549339294,
              "mean_abs": 1.1126799108751584e-06,
              "nan_count": 31872
            },
            "state": {
              "max_abs": 0.024776160717010498,
              "mean_abs": 8.953161341196392e-06,
              "nan_count": 0
            }
          },
          "vs_full_vllm": {
            "out": {
              "max_abs": 0.006096867844462395,
              "mean_abs": 5.7250640566053335e-06,
              "nan_count": 31872
            },
            "state": {
              "max_abs": 0.09161031246185303,
              "mean_abs": 3.4415952541166916e-05,
              "nan_count": 0
            }
          }
        }
      }
    },
    {
      "length": 256,
      "solve_deltas": {
        "Ai_vllm_bf16_vs_jax": {
          "max_abs": 0.11207771301269531,
          "mean_abs": 9.122866322286427e-05,
          "nan_count": 0
        },
        "Ai_vllm_fp32_vs_jax": {
          "max_abs": 0.08560657501220703,
          "mean_abs": 8.034387428779155e-05,
          "nan_count": 0
        },
        "Ai_vllm_bf16_vs_vllm_fp32": {
          "max_abs": 0.03121662139892578,
          "mean_abs": 4.7295077820308506e-05,
          "nan_count": 0
        },
        "Ai_jax_solve_on_vllm_A_vs_jax_A": {
          "max_abs": 0.08558845520019531,
          "mean_abs": 8.035869541345164e-05,
          "nan_count": 0
        }
      },
      "chain_metrics": {
        "full_jax": {
          "vs_full_jax": {
            "out": {
              "max_abs": 0.0,
              "mean_abs": 0.0,
              "nan_count": 63744
            },
            "state": {
              "max_abs": 0.0,
              "mean_abs": 0.0,
              "nan_count": 0
            }
          },
          "vs_full_vllm": {
            "out": {
              "max_abs": 0.04627549648284912,
              "mean_abs": 1.3167198630981147e-05,
              "nan_count": 63744
            },
            "state": {
              "max_abs": 0.7822480201721191,
              "mean_abs": 0.00019377570424694568,
              "nan_count": 0
            }
          }
        },
        "full_vllm": {
          "vs_full_jax": {
            "out": {
              "max_abs": 0.04627549648284912,
              "mean_abs": 1.3167198630981147e-05,
              "nan_count": 63744
            },
            "state": {
              "max_abs": 0.7822480201721191,
              "mean_abs": 0.00019377570424694568,
              "nan_count": 0
            }
          },
          "vs_full_vllm": {
            "out": {
              "max_abs": 0.0,
              "mean_abs": 0.0,
              "nan_count": 0
            },
            "state": {
              "max_abs": 0.0,
              "mean_abs": 0.0,
              "nan_count": 0
            }
          }
        },
        "vllm_A_jax_solve_vllm_downstream": {
          "vs_full_jax": {
            "out": {
              "max_abs": 0.033813923597335815,
              "mean_abs": 1.2911027624795679e-05,
              "nan_count": 63744
            },
            "state": {
              "max_abs": 0.9091882705688477,
              "mean_abs": 0.00017795179155655205,
              "nan_count": 0
            }
          },
          "vs_full_vllm": {
            "out": {
              "max_abs": 0.064453125,
              "mean_abs": 1.5834681107662618e-05,
              "nan_count": 0
            },
            "state": {
              "max_abs": 1.5338740348815918,
              "mean_abs": 0.0002932997595053166,
              "nan_count": 0
            }
          }
        },
        "jax_A_vllm_solve_jax_downstream": {
          "vs_full_jax": {
            "out": {
              "max_abs": 0.053840816020965576,
              "mean_abs": 1.0883233699132688e-05,
              "nan_count": 63744
            },
            "state": {
              "max_abs": 0.9222550392150879,
              "mean_abs": 0.00019202577823307365,
              "nan_count": 0
            }
          },